Material_ID,Formula,Bandgap,Formation_Energy,Volume
mp-1183115,AcAlO3,4.1024,-3.690019421499996,57.4514132376898
mp-1183052,AcBO3,0.8071000000000002,-2.475389555333333,51.54812640786059
mp-866101,AcCrO3,2.0031000000000008,-3.1389721295,61.36284504026082
mp-864606,AcCuO3,0.0,-2.4228924235,59.92938665681022
mp-861502,AcFeO3,1.0084,-2.771539465500001,61.79731063258672
mp-1183053,AcGaO3,2.895900000000001,-3.0632526170000007,61.455078293307366
mp-1183142,AcMgO3,0.0,-3.0018453265,64.78375373225691
mp-864911,AcMnO3,0.0,-2.9736300230862063,62.24139882978788
mp-1183139,AcNiO3,0.0,-2.455476575499998,58.35821779959113
mp-1183145,AcPdO3,0.0,-2.236955405499998,66.68667373916479
mp-1183152,AcScO3,3.3847000000000005,-3.8290604304999993,70.19180130743561
mp-1183150,AcSiO3,0.0,-2.8682463835,62.5790478372491
mp-865927,AcTiO3,0.0,-3.60763573816667,63.7995700747627
mp-1183168,AcVO3,0.0,-3.141069095500004,62.47131331416277
mp-36600,Ag3SBr,0.3976999999999999,-0.3357321324999986,233.82701370779407
mp-1105645,Ag3SBr,0.2964,-0.3057161119999989,484.8055176451492
mp-1229116,Ag3SBr,0.3987,-0.3403298774999989,118.09093879361744
mp-22995,Ag3SI,0.5390000000000001,-0.2604658654999987,121.85555000145258
mp-558189,Ag3SI,0.6242999999999999,-0.2108885574999988,125.72032925181092
mp-632480,Ag3SI,0.1675999999999997,-0.2536018294999987,123.3438233881282
mp-673825,Ag3SI,0.2569999999999997,-0.2425190604999986,244.0308376019067
mp-674981,Ag3SI,0.2623999999999999,-0.2500590374999987,123.7565455921474
mp-675879,Ag3SI,0.2850999999999999,-0.2517743194999987,247.32376322424776
mp-676121,Ag3SI,0.3738999999999999,-0.2533497424999986,271.07710159969986
mp-676561,Ag3SI,0.3330000000000002,-0.2496718574999984,124.86936728848828
mp-1173025,Ag3SI,0.3526875971307706,-0.2406087604999985,247.258550725043
mp-558950,AgAsO3,0.4984999999999999,-1.2439459445833336,1728.699514830734
mp-775767,AgAsO3,0.5616999999999999,-1.2324433943333333,304.7254522248717
mp-1178563,AgAsO3,0.2921,-1.269711258833334,119.28055162319482
mp-752678,AgAuO3,0.0,0.0024645291666672,294.29506712515894
mp-776165,AgAuO3,0.2423000000000001,-0.3568438423333326,273.488677155319
mp-780275,AgBO3,0.0,-1.501129671166666,109.9353807286683
mp-985292,AgBO3,0.0,-0.5466139891666664,42.26372548752631
mp-23548,AgBiO3,0.0,-1.0030110113333337,154.63007543874295
mp-775774,AgBiO3,0.0,-1.024969332333334,149.26590686018258
mp-1178562,AgBrO3,2.383,-0.2850357963333323,77.26506831359747
mp-753176,AgCO3,0.0,-1.2336281313333315,113.34598203986192
mp-27941,AgClO3,2.3983,-0.4072458953333331,307.0636281159876
mp-775761,AgClO3,2.925,-0.4139464693333338,291.05972332883755
mp-776199,AgClO3,3.1131,-0.3969256763333327,309.0459323760985
mp-1178561,AgClO3,2.7117,-0.352713047333333,76.84405818753127
mp-759939,AgGeO3,0.0,-1.3099130223333333,113.78514352920584
mp-779664,AgGeO3,0.0,-1.335860173333333,152.22963156576708
mp-779706,AgGeO3,0.0,-1.331455818833333,292.25589368380406
mp-891854,AgGeO3,0.0,-1.335310217333333,152.23687320929267
mp-891880,AgGeO3,0.0,-1.3376417507083331,1210.6981013108827
mp-27384,AgIO3,2.4375,-0.7130686653333328,626.0775664617084
mp-849271,AgIO3,1.9765,-0.6855987918333326,331.9799078095097
mp-1202188,AgIO3,1.8079435668012565,-0.7021254153333331,589.6520320460871
mp-8196,AgNO3,1.7204,-0.649492202333333,66.94305711049056
mp-552185,AgNO3,1.8635,-0.6806635453333335,125.10450403344892
mp-638686,AgNO3,2.0089,-0.6782841628333329,497.832124749116
mp-669466,AgNO3,2.0035935215150227,-0.6756339573333335,537.0054543267189
mp-18702,AgPO3,2.0246000000000004,-1.958048157761913,523.544804128728
mp-775762,AgPO3,2.1168,-1.9126033292619036,264.7268375552521
mp-5470,AgPS3,1.3228,-0.2325012062827369,222.4638175390565
mp-1178556,AgPbO3,0.0,-0.8454335293333323,146.41846842959492
mp-1200271,AgPd3Se,0.0,-0.2615180838020826,675.813781221423
mp-776166,AgPdO3,0.0,-0.1742727033333331,267.596321977409
mp-776168,AgRuO3,0.0,-0.9938485823333332,265.5367834644938
mp-540872,AgSbO3,0.0945999999999998,-1.4444746703333329,271.7080679491053
mp-545999,AgSbO3,0.1332999999999997,-1.4277115103333338,137.6369853909369
mp-677054,AgSbO3,0.0,-1.367956171,857.9101650285205
mp-860791,AgSbO3,0.2886999999999999,-1.3840513180000007,430.8249683273084
mp-569052,AgSe3I,1.4068,-0.1710123317395826,633.5274140517166
mp-755834,AgSnO3,0.0,-1.3498479333333329,134.59491336386623
mp-570431,AgTe3I,1.0135999999999998,-0.1681686683333321,746.5721189941695
mp-558637,AgTeO3,1.6662000000000003,-1.125950917416666,574.8261713517004
mp-559257,AgTeO3,1.4211,-1.1464252671666664,600.0363880095312
mp-561489,AgTeO3,1.1630000000000005,-1.1263011086666666,274.18003351321124
mp-1228446,Al3BC,0.4530000000000003,-0.2022816174999988,120.36064717516008
mp-1183169,AlAgO3,0.0,-1.615019715333333,52.77775563990637
mp-1253488,AlAgO3,0.0622,-1.761097008833333,247.91957719409973
mp-1343327,AlAgO3,0.0480999999999998,-1.6208831860000004,343.77477103566014
mp-1343733,AlAgO3,0.0314999999999998,-1.7376004953333328,237.67755732530316
mp-1404877,AlAgO3,0.0,-1.3808813733333332,116.48724396800375
mp-1418444,AlAgO3,0.0,-0.2508367233333331,64.17906273811799
mp-1183159,AlAuO3,0.0,-1.4004608930000004,53.21380497954464
mp-8110,AlBO3,5.8392,-3.1183578568333337,81.46986382228383
mp-23080,AlBiO3,1.4958,-2.432236615,54.31911150734789
mp-551918,AlBiO3,2.8716,-2.500510785000001,113.6752137295987
mp-775763,AlBiO3,3.0461,-2.475551670500001,284.0844556688522
mp-1344602,AlBiO3,0.9480000000000004,-2.3190562765000005,273.8452642962739
mp-1376082,AlBiO3,0.7506000000000004,-2.036173579333335,409.82569070936927
mp-1392353,AlBiO3,0.6410999999999998,-1.6882482120000006,147.97103559945393
mp-1413511,AlBiO3,0.0,-0.8888229550000005,78.10549111437122
mp-1202918,AlBr3N,0.3441999999999998,0.0846246413749995,2982.0417732849783
mp-10037,AlCo3C,0.0,-0.2012281214999973,51.59979334082594
mp-754022,AlCoO3,0.2610000000000001,-2.225202081999999,93.40382959355364
mp-756947,AlCoO3,0.8609,-2.239631630499999,199.73401558336545
mp-776216,AlCoO3,0.3481000000000005,-2.236437596,93.2390744041256
mp-1178576,AlCoO3,2.5825,-2.3099153789999995,88.02147690236615
mp-1248478,AlCoO3,0.0,-2.090569429333334,300.83541597823785
mp-1348445,AlCoO3,0.0,-2.102443903666667,293.4346035604501
mp-1378752,AlCoO3,1.1593,-2.1592547884999997,171.3532126131805
mp-1386773,AlCoO3,0.0,-2.084813791,96.91991245037585
mp-1404938,AlCoO3,0.0514999999999998,2.733328715,93.23909210681114
mp-1435808,AlCoO3,0.0,-1.0433438590000002,50.426713548382544
mp-1251690,AlCrO3,1.1578,-2.5444270129999995,306.4745698006157
mp-1345463,AlCrO3,1.8028999999999995,-2.7202839275,191.0202958801217
mp-1383064,AlCrO3,0.0,-1.5538115110000006,54.568296419178175
mp-1385937,AlCrO3,0.0,-2.5216583690000007,102.8053083398928
mp-776172,AlCuO3,0.3500000000000005,-2.055902871,198.42876062512912
mp-1178579,AlCuO3,0.2210999999999998,-2.0298278419999995,93.92117845950877
mp-1253258,AlCuO3,0.0,-1.9731494203333344,289.82739014121466
mp-1347317,AlCuO3,0.0,-1.9576538345,193.4519105341512
mp-1412082,AlCuO3,0.0,-1.9378782840000008,97.00166525182576
mp-1504314,AlCuO3,0.0,-0.848998753,50.618016416915935
mp-1206715,AlFe3B,0.0,-0.1465771858333326,55.84468045961814
mp-22793,AlFe3C,0.0,-0.1597494709999992,54.43025908535758
mp-1206123,AlFe3H,0.0,-0.2050047222499998,50.634665689260885
mp-1206767,AlFe3N,0.0,-0.3101640529999983,51.39009803799576
mp-1206753,AlFe3O,0.0,0.542747053,69.61085155162793
mp-21216,AlFeO3,2.0193000000000003,-2.5228653455,410.0410451498143
mp-776154,AlFeO3,2.1089,-2.486505097,182.98391243946455
mp-1178577,AlFeO3,2.1956,-2.5342683280000005,193.12520973604157
mp-1254277,AlFeO3,1.3295000000000003,-2.2865880094999995,179.40360141259467
mp-1259818,AlFeO3,1.3607999999999991,-2.356194891999999,197.9087281123728
mp-1264966,AlFeO3,0.6706000000000003,-2.3307735885,197.55869509092068
mp-1398131,AlFeO3,0.0,-2.3012766299999994,105.2782827603756
mp-1421498,AlFeO3,0.0,-1.1625261929999993,54.91632829150119
mp-756686,AlGaO3,2.6071,-2.740240361500001,182.42240177281883
mp-772187,AlGaO3,3.1117000000000004,-2.8190306032500003,394.62822780999744
mp-772898,AlGaO3,3.2132,-2.8201032385000007,399.1495589770759
mp-754157,AlInO3,2.162,-2.6756491303333325,112.28447654040944
mp-1178550,AlInO3,0.0,-2.6472754318333336,202.9318362183001
mp-1183160,AlInO3,0.0,-2.242504650333333,51.25826144368386
mp-504482,AlInS3,2.3614,-1.0024900663541665,713.3884528706352
mp-862787,AlInSe3,1.6095999999999997,-0.8639210584375008,815.5387502722511
mp-1183133,AlIrO3,0.0,-1.2007520509999998,49.1923229250551
mp-1246835,AlMoN3,1.4508,-0.6516382129999997,297.44837391102067
mp-1248370,AlMoO3,0.7348211241915683,-2.159343135000001,320.8516001512004
mp-1373731,AlMoO3,1.4177,-2.4467161835,222.55271337121223
mp-1389151,AlMoO3,0.0,-2.0427836350000006,114.37731397711198
mp-1433892,AlMoO3,0.0,-1.4031979090000006,64.37132382637047
mp-1207084,AlNi3C,0.0,-0.1752284314999982,53.20574125296955
mp-1228852,AlNi3Sb,0.0,-0.2104527689999969,72.56830524210673
mp-1183176,AlNiO3,0.0,-1.386456107,48.94206694176443
mp-1333178,AlNiO3,0.0,-1.8461723743333327,279.6365120675449
mp-1376903,AlNiO3,0.0,-2.013076565499999,178.30148622464873
mp-1400395,AlNiO3,0.0,-1.8356447310000008,93.4651059583781
mp-1416557,AlNiO3,0.0,-0.8944861109999998,49.00876957089664
mp-1228805,AlOF3,0.0,-2.1319150660000004,55.91190406641605
mp-1183154,AlPbO3,0.0,-2.1913187029999994,56.3792677148114
mp-776116,AlPdO3,0.0,-1.9337845760000008,229.89356275876952
mp-1178574,AlPdO3,0.0,-1.9729209909999996,106.52686856388704
mp-10040,AlPt3C,0.0,0.1633352225000123,73.3049133087409
mp-1178547,AlRhO3,1.7659000000000002,-2.2230085360000005,98.89501139978404
mp-1079481,AlSBr3,0.1478999999999999,-0.8531906474999996,379.9353111774173
mp-1183134,AlSbO3,1.1346000000000007,-2.269544729,52.90157170346336
mp-1261047,AlSbO3,3.9107,-2.5272918515,324.7624693329945
mp-1371447,AlSbO3,0.3160999999999996,-2.2492761575,259.2869453433543
mp-1374707,AlSbO3,1.2462305062403232,-2.1830403900000004,366.0001212140007
mp-1384267,AlSbO3,0.0,-1.7871164909999997,136.03416288565865
mp-1421511,AlSbO3,0.0,-1.2706323570000002,66.5165215902092
mp-1183132,AlSiO3,0.0,-2.1541497029999994,45.08068987243336
mp-5168,AlSiP3,0.2885999999999997,-0.3731100400357149,358.9944606963184
mp-31220,AlSiTe3,1.2309,-0.3323823159999989,304.8783183710749
mp-1248301,AlSnO3,0.0,-2.242107410666667,355.83394483580383
mp-1340379,AlSnO3,0.0,-2.436627378,255.89970394060344
mp-1406914,AlSnO3,0.0,-2.013690624,127.22052767406466
mp-1426094,AlSnO3,0.0,-1.353432764,65.77111511498312
mp-768539,AlTlO3,0.7376999999999994,-2.188174606166668,214.2828019174193
mp-756082,AlVO3,2.1442,-2.894106270500001,184.73950209166097
mp-765647,AlVO3,1.1677,-2.8918167545,430.7649427287126
mp-802021,AlVO3,0.0,-0.8971767810000003,430.76472283781874
mp-1178549,AlVO3,1.569,-2.9607334800000005,186.1127752626733
mp-1183128,AlVO3,0.0,-2.271212851,48.24822233179429
mp-1248251,AlVO3,1.6791999999999998,-2.828931864500001,200.08143917242444
mp-1384488,AlVO3,0.0,-2.6529463370000004,105.4457148889399
mp-1395974,AlVO3,0.0,-1.751975723000001,55.87365738853553
mp-1246403,AlWN3,1.5971,-0.6299264073749982,337.3770936711151
mp-1046804,AlWO3,0.8598999999999997,-2.343923777,251.2622428287048
mp-1251647,AlWO3,0.598787425193275,-2.0816418336666667,326.1757904694498
mp-1400236,AlWO3,0.0,-1.892879432,120.06924844116422
mp-1417649,AlWO3,0.0,-1.4513361689999988,61.36049434821571
mp-755240,AsAuO3,0.3576999999999999,-1.0752385365,344.1840454762892
mp-27274,AsCF3,3.3193,-1.4845823502499995,744.6103725149252
mp-29863,AsCl3O,2.5284,-0.7876749515000003,502.696636325978
mp-1214882,AuI3N,0.1535999999999999,0.9506459985,799.1444318204444
mp-1189694,AuNCl3,0.0,0.434957572,543.3962325465467
mp-1183212,BAuO3,0.0,-0.3007316188333334,42.75273889652396
mp-1183221,BIrO3,0.0,-0.2935077548333332,39.84966404394991
mp-1246423,BMoN3,1.0201000000000002,-0.427712862833333,309.5160734435566
mp-984553,BOsO3,0.0,-0.2244356208333329,39.56185275227554
mp-984554,BPbO3,0.0,-1.063800782833333,45.34560992453003
mp-1183242,BPdO3,0.0,-0.5565497328333329,40.30795288597972
mp-1183277,BPtO3,0.0,-0.3203518208333328,40.96458071752925
mp-753806,BSbO3,3.7698,-2.226882067833333,155.7272770647208
mp-755829,BSbO3,3.654900000000001,-2.227707467333334,313.2766235360048
mp-1183211,BSbO3,1.4054000000000002,-1.260583828833333,43.6404189449344
mp-1183194,BTeO3,0.0,-0.8221644321666666,44.47169373442934
mp-1013709,Ba3AsN,0.0,0.2932660614999989,236.78788656758616
mp-1013734,Ba3AsN,0.0,-0.7428217785000009,165.25088001816093
mp-1013586,Ba3AsP,0.0,-0.6829273324285715,223.74848125104208
mp-1013711,Ba3AsP,0.0,-0.4999520884285715,234.54083393706424
mp-1013563,Ba3BiAs,0.0,-0.8243075855000004,243.874471775472
mp-1013716,Ba3BiAs,0.0,-0.308992057499999,281.4913563156466
mp-567666,Ba3BiN,0.6473,-0.8488473629999987,350.63115470065736
mp-1013549,Ba3BiN,0.0,-0.7924901430000005,176.75777433123696
mp-1013710,Ba3BiN,0.0,0.6185962629999995,288.80478100000005
mp-1013691,Ba3BiP,0.0,-0.8450844469285712,231.7567082809899
mp-1013713,Ba3BiP,0.0,-0.1508650549285704,279.8827255847095
mp-1013584,Ba3BiSb,0.0,-0.6644113280000002,279.42239633610365
mp-1013719,Ba3BiSb,0.0,-0.5302363620000005,285.71915815502155
mp-17833,Ba3GeO,0.3565999999999998,-1.4398000859999986,633.6201367693964
mp-13288,Ba3LiN,0.0,-0.3072441436666672,413.08664456492033
mp-8868,Ba3NaN,0.0,-0.3319699782758622,441.6159639223956
mp-1013533,Ba3PN,0.0,-0.6362765459285711,161.94332566307529
mp-1013707,Ba3PN,0.0,0.2573049020714286,222.55052458545015
mp-29242,Ba3PbO,0.0,-1.4923875269999978,168.36538573045777
mp-1013562,Ba3SbAs,0.1486,-0.8163799735000001,240.3848551212912
mp-1013714,Ba3SbAs,0.0,-0.4210205835,273.7331402002433
mp-12814,Ba3SbN,0.6988000000000003,-0.8872129459999997,339.61884922233
mp-1013557,Ba3SbN,0.0,-0.8319845689999994,173.14220782832547
mp-1013708,Ba3SbN,0.0,0.5097042050000002,277.167808
mp-1013712,Ba3SbP,0.0,-0.2644589809285705,272.53363290988204
mp-1013737,Ba3SbP,0.2991999999999999,-0.8435724669285711,228.4551282878871
mp-754940,Ba3SiO,0.0,-1.2794884550000003,159.55759664725554
mp-755363,Ba3SiO,0.4216999999999999,-1.3309927080000008,630.4347580643596
mp-29243,Ba3SnO,0.0,-1.531505142000002,166.567112694078
mp-1183283,BaAlO3,0.0,-2.895402251,61.95120363810828
mp-1183287,BaAuO3,0.0,-1.464683951,74.70777290092101
mp-1214407,BaBO3,0.0,-1.5739431428333333,53.74918146839155
mp-1183282,BaBeO3,0.0,-2.0259470640000004,59.04946220190078
mp-22942,BaBiO3,0.0,-2.233409576999999,167.31160052336443
mp-23438,BaBiO3,0.0,-2.2085408440000003,173.5986381818341
mp-23482,BaBiO3,0.0632999999999999,-2.2325918059999976,167.38710722210985
mp-545783,BaBiO3,0.0,-2.212216009,86.82725775700082
mp-559051,BaBiO3,0.0,-2.233427010999999,334.6660467207428
mp-644369,BaBiO3,0.1010999999999997,-1.2864721030000006,194.21786912608695
mp-1182285,BaBiO3,1.1031000000000004,-1.5902281980000006,207.7249421635248
mp-1227955,BaBiO3,0.0,-2.210577817,87.31982579640245
mp-27365,BaBiSe3,0.7321,-1.317199690156248,1254.1615237266026
mp-4559,BaCO3,4.4228,-2.660934526,75.0831109614839
mp-5504,BaCO3,4.397399999999999,-2.6827792610000047,308.7916524320886
mp-34195,BaCO3,4.354299999999999,-2.647419671,151.32585039685978
mp-545643,BaCO3,3.976,-2.578282466,149.78570995693735
mp-674478,BaCO3,4.1702,-2.63287239,177.2171227211266
mp-675324,BaCO3,4.0966000000000005,-2.6069554589999995,173.1642522391652
mp-676020,BaCO3,4.0287,-2.649013353000001,167.4391229382875
mp-762225,BaCO3,4.474,-2.669542427000001,164.9460009684019
mp-1227982,BaCO3,4.1409,-2.6337288,88.92776224512441
mp-2506699,BaCO3,4.9758,-2.6673191170000026,158.4914239428948
mp-2626703,BaCO3,4.1813,-2.638922425,166.95671010843782
mp-1183285,BaCaO3,0.0,-2.279992301,88.98091885869187
mp-583645,BaCaSn3,0.0,-0.6082997997500001,1336.2008230915474
mp-1227962,BaCd3Ga,0.0,-0.2744224214999981,134.48095271220126
mp-1183292,BaCdO3,0.0,-1.6376950989999997,79.65491918762994
mp-3187,BaCeO3,2.4469,-3.589836753000001,344.64733173556965
mp-3316,BaCeO3,2.4637,-3.589194142000001,172.2671111186429
mp-4900,BaCeO3,2.4505,-3.5873155890000006,172.44455093202092
mp-5663,BaCeO3,2.2990000000000004,-3.549502857,89.56619857936725
mp-1080782,BaClO3,0.0,-0.7920654290000002,186.35911971052624
mp-1182237,BaClO3,0.0,-1.2123967700000002,202.2212546626604
mp-1182337,BaClO3,0.1727,-1.1779917790000003,203.71955764759088
mp-18965,BaCoO3,0.0,-2.0478580120000003,263.4501234018471
mp-1076782,BaCoO3,0.0,-1.825632743,63.120523575171546
mp-1283250,BaCoO3,1.1424000000000003,-2.046802817,275.39434449527283
mp-19271,BaCrO3,0.0,-2.3254649040000004,270.6740991655128
mp-540926,BaCrO3,0.0,-2.536514513000001,396.4708704169665
mp-557081,BaCrO3,0.0,-2.538649073285715,937.44019244222
mp-1076800,BaCuO3,0.0,-1.663166091,64.17733153205626
mp-1183286,BaDyO3,0.0,-3.1176260033333323,86.82878720439085
mp-1183291,BaErO3,0.0,-3.1645876249999985,84.92105246203396
mp-1183310,BaEuO3,0.0,-2.7732890080000003,87.36750141389481
mp-19035,BaFeO3,0.0,-2.1022565076666653,61.70323615127433
mp-705845,BaFeO3,0.0,-1.6892961329999991,415.5242740147544
mp-1192651,BaFeO3,0.0,-2.150281130333332,377.7430168733332
mp-1227967,BaGa3Sn,0.0,-0.4075560295000002,129.08900839283686
mp-1069708,BaGe3Ir,0.0,-0.5248931189999979,107.2538963707574
mp-1068447,BaGe3Pd,0.0,-0.5703196169999998,109.58838808171718
mp-22346,BaGe3Pt,0.0,-0.632367121,108.867634221822
mp-1070247,BaGe3Rh,0.0,-0.5629188009999979,106.66029636464248
mp-1227958,BaGeAu3,0.0,-0.5119609610000027,117.86499185060909
mp-13863,BaGeO3,3.5515,-2.6960012115000014,345.7138411355125
mp-676865,BaGeO3,1.4290000000000005,-2.2448172053333337,567.9852833160062
mp-1016823,BaGeO3,0.0,-2.463637802000001,63.06327955363161
mp-2901869,BaGeO3,2.2342000000000004,-2.369768001666667,580.7472411339012
mp-1195469,BaGeS3,2.9958000000000005,-1.433299476249995,1100.0027687662705
mp-998552,BaHfO3,3.5394,-3.786714651,72.50319461578196
mp-998352,BaHfS3,0.8438999999999997,-2.111422738499999,125.84335405165707
mp-998361,BaHfS3,0.0,-0.5688502404999994,118.6370499391143
mp-998419,BaHfS3,0.8664999999999998,-2.132271587999999,496.25011988220575
mp-1105549,BaHfS3,1.2523999999999995,-2.139777798999998,493.2895787527485
mp-1383356,BaHfS3,0.7077999999999998,-2.1115150945,125.8768336086791
mp-1227995,BaIn3Pt,0.0,-0.5298259099999967,135.85713004346914
mp-1183288,BaInO3,0.0,-2.162446134333333,78.72164877180886
mp-1227991,BaInO3,0.0,-2.141988192333333,158.57786982262536
mp-4307,BaIrO3,0.0,-1.9759380020000008,426.1880020632002
mp-5660,BaIrO3,0.0,-1.879881157,67.78231600459345
mp-542897,BaIrO3,0.0,-2.006859299333334,427.2163393665766
mp-10250,BaLiF3,6.5716,-3.7410061156666656,63.45348177862734
mp-23818,BaLiH3,2.2146,-0.6094920114166655,64.54983172455981
mp-632808,BaLiH3,1.1987,0.0110959105833337,129.99915167544583
mp-1183284,BaLiO3,0.0,-1.653488577666667,68.25756506368646
mp-1227881,BaMgIn3,0.0,-0.339875469,148.1612556831598
mp-18840,BaMnO3,0.9341,-2.4899448742528745,196.58101951817105
mp-19156,BaMnO3,0.0,-2.482170176086207,138.62812636506428
mp-19267,BaMnO3,2.0603,-2.484337766586208,418.5344476825107
mp-35078,BaMnO3,0.7543000000000002,-2.476717523086208,257.2383259452137
mp-557535,BaMnO3,0.7427999999999999,-2.4887243145862072,531.0888445860152
mp-675227,BaMnO3,0.8679000000000001,-2.4881631407862077,334.7872385437482
mp-757501,BaMnO3,0.8081,-2.484730552252876,394.2143439312978
mp-1016852,BaMnO3,0.0,-2.356205420586207,65.61237804092859
mp-1205336,BaMnO3,1.8948,-2.482318499586208,276.8088065448443
mp-19322,BaMoO3,0.0,-2.516796095000003,66.35139263198728
mp-569812,BaN3Cl,4.0787,-1.0289788400000006,196.73487530542016
mp-3020,BaNbO3,0.0,-3.178754561000029,70.62797941745364
mp-35143,BaNbS3,0.0,-1.7465312854999993,240.1199049020372
mp-754307,BaNdO3,0.0,-2.994579430499999,187.3694230114581
mp-755877,BaNdO3,0.0,-2.9319263804999998,94.61784245961688
mp-1096852,BaNiCl3,0.0,-1.801675203,229.1948669016096
mp-19138,BaNiO3,1.5107000000000004,-1.8200224730000016,133.449151553611
mp-19241,BaNiO3,1.5157000000000005,-1.8199415760000008,133.5298435547286
mp-1120765,BaNiO3,0.0,-1.6957501990000003,65.48415898349904
mp-11879,BaNiSn3,0.0,-0.4753296129999981,128.8626860024842
mp-8558,BaNpO3,0.0,-3.3769336627500053,85.63207796094373
mp-781625,BaOsO3,0.0,-2.0390472809999998,67.13281089520898
mp-11006,BaPS3,3.1164000000000005,-1.4740632439285726,533.9879165208706
mp-11008,BaPSe3,2.1651,-1.294053817834821,594.5640041838495
mp-8557,BaPaO3,0.0,-3.563953095,90.75101233528244
mp-20461,BaPbO3,0.1934,-2.1087983179999994,165.49154870311418
mp-20991,BaPbO3,0.0272999999999998,-2.108112388000001,159.04492951661564
mp-21280,BaPbO3,0.0,-2.081831488999999,83.00858149731611
mp-22230,BaPbO3,0.1992999999999996,-2.108850153,159.2597205485281
mp-561598,BaPbO3,0.0,-1.0136780929999991,101.85659215140905
mp-1178510,BaPdO3,0.0,-1.6852910610000005,70.35635538244601
mp-4783,BaPrO3,0.0,-2.891142755333334,96.732161628463
mp-6909,BaPrO3,0.0,-2.969756294333334,189.85318606930807
mp-6910,BaPrO3,0.0,-2.963822677333333,189.81459273707011
mp-22705,BaPrO3,0.0,-2.974917451833333,379.2913507547934
mp-1183290,BaPtO3,0.0,-1.7123833189999993,70.864454291593
mp-1214788,BaPtO3,0.4420000000000001,-1.8069840201428569,1042.8133825691384
mp-7143,BaPuO3,0.0,-3.3197216107499976,84.09111734321918
mp-505025,BaPuO3,0.0,-3.3440618947499963,338.38736500399904
mp-989637,BaReN3,1.7855000000000003,-0.6977909885000088,383.355376091125
mp-1183298,BaReO3,0.0,-2.3711194475,67.15769002397445
mp-7685,BaRhO3,0.0,-1.9972722704999997,278.4995456894578
mp-1016850,BaRhO3,0.0,-1.9144298250000005,68.64174366791524
mp-3597,BaRuO3,0.0,-2.1901550725000005,278.8465487700886
mp-3598,BaRuO3,0.0,-2.164239095333334,415.01932828972775
mp-5773,BaRuO3,0.0,-2.188219010333334,209.27383936981565
mp-1017591,BaRuO3,0.0,-2.1214496410000008,67.1049654561984
mp-768307,BaSO3,4.4264,-2.5999325254999994,171.06198078454176
mp-18291,BaSbTe3,0.3742999999999998,-1.0412142549999923,1480.0812310614283
mp-1183289,BaScO3,0.0,-3.207111032,75.13526132667413
mp-6989,BaSeO3,3.8866,-2.3180791194687487,176.75970785828287
mp-1070137,BaSi3Pd,0.0,-0.4787977440000013,100.47900681322533
mp-1069809,BaSi3Pt,0.0,-0.5956166679999996,99.46186616984674
mp-7339,BaSiO3,4.5335,-3.3819813555,335.46476985200644
mp-12958,BaSiO3,3.0454,-3.109312189666668,184.4038941538481
mp-18407,BaSiO3,2.1331,-2.9954459870000014,350.22197599033973
mp-776076,BaSiO3,4.6051,-3.36509334175,643.3305773691544
mp-776084,BaSiO3,4.542,-3.404013206000001,518.5696943364608
mp-1016821,BaSiO3,0.9473000000000004,-2.8427449409999994,56.48771473314591
mp-1068048,BaSn3Au,0.0,-0.5027489010000025,144.1073772472349
mp-11269,BaSn3Pd,0.0,-0.6468947850000021,137.33625612600136
mp-30433,BaSn3Pt,0.0,-0.681184819000002,136.51347261001945
mp-3163,BaSnO3,0.3730000000000002,-2.587468272,71.13628093297905
mp-1178513,BaSnO3,0.6650999999999998,-2.586822249000001,147.10169950504223
mp-1183370,BaSnS3,1.2098,-1.394803844999997,501.0655834201988
mp-1214332,BaSrBi3,0.0,-0.7385150494999972,755.8689770548289
mp-754678,BaTaO3,0.0,-3.269091094466667,70.48829628052674
mp-4001,BaTaS3,0.0,-1.7826291849666651,238.4304913891586
mp-1078588,BaTaSe3,0.0,-1.5624086758729157,271.8677044141515
mp-2929,BaTbO3,0.0,-3.0946814163333327,88.21841085680292
mp-2939,BaTbO3,0.0,-3.117726795333334,173.9297807413048
mp-5735,BaTbO3,0.0,-3.123357270333334,174.47420786847704
mp-20129,BaTbO3,0.0,-3.1243206603333333,348.29396015201496
mp-548824,BaTbO3,0.0,-3.1219468203333336,174.9224640948871
mp-1182811,BaTbO3,0.0,-3.108947081333333,176.3501887526242
mp-555174,BaTcO3,0.0,-2.466365041333338,406.2842187794692
mp-5431,BaTeO3,2.7149,-2.357057434333333,189.26378785886055
mp-556021,BaTeO3,3.1676,-2.347717884666667,1133.0081241360815
mp-27499,BaTeS3,1.9176000000000009,-1.1895336203333344,585.3496576133798
mp-8037,BaThO3,3.2033000000000005,-3.691689851,97.34330038250653
mp-1189614,BaThO3,4.6395,-3.775095940999998,367.7631283410378
mp-2998,BaTiO3,1.6675,-3.477498397666666,128.738833485449
mp-5020,BaTiO3,2.5527,-3.4922369876666663,65.6356490658401
mp-5777,BaTiO3,2.2934,-3.492277977666666,65.57310741671338
mp-5933,BaTiO3,1.7260999999999995,-3.4896585356666643,400.2367535081449
mp-5986,BaTiO3,1.7236999999999996,-3.490321403666664,65.32709969254628
mp-19990,BaTiO3,0.0,-1.684818113666667,85.16422489125648
mp-504715,BaTiO3,0.0,-0.4147858896666669,100.48917348467371
mp-558125,BaTiO3,2.0811,-3.490981147333332,402.919427981081
mp-644497,BaTiO3,0.4807,-2.7780053796666664,111.54340845946945
mp-995191,BaTiO3,0.0,-1.6856224356666671,85.45832403722468
mp-1076932,BaTiO3,0.0,-2.513221619666666,125.85628830095348
mp-7073,BaTiS3,0.0,-1.9454667651666675,234.63134508320312
mp-1079893,BaTiSe3,0.0,-1.770214763072915,264.7893307600213
mp-1227345,BaTl3Au,0.0,-0.3265135280000045,160.3444381051228
mp-1227390,BaTlIn3,0.0,-0.3069689066666672,162.08091805053485
mp-1183393,BaTlO3,0.0,-1.6984193636666682,82.32661349927436
mp-1183394,BaTmO3,0.0,-3.193704981000002,83.69011508040276
mp-35730,BaUO3,0.6902999999999997,-3.486460204999997,344.11620657799807
mp-3601,BaUS3,0.0,-2.0220089319999843,571.3987910011806
mp-19150,BaVO3,0.0,-2.830250003000001,339.45338739887467
mp-1017465,BaVO3,0.0,-2.790472743000001,63.16295592953194
mp-3451,BaVS3,0.0,-1.6695345124999996,470.98230335403633
mp-4227,BaVS3,0.0,-1.6553276125000005,226.6002202153396
mp-542818,BaVS3,0.0,-1.6682059809999992,449.9130824709808
mp-555857,BaVS3,0.0,-1.6657453474999977,225.71113273783448
mp-27363,BaVSe3,0.0,-1.47955654840625,257.4942130766846
mp-676597,BaVSe3,0.0,-1.4946184984062498,254.6217980166793
mp-989622,BaWN3,1.505,-0.8219546255000054,340.15347524074014
mp-989636,BaWN3,1.0703999999999998,-0.8119401510000003,173.67795895194058
mp-1183395,BaWO3,0.0,-2.463760293,72.21768246815921
mp-1183406,BaYbO3,0.0,-3.0510839852500027,81.15579506815625
mp-1227349,BaZnIn3,0.0,-0.3448170859999976,137.64360885076934
mp-1183405,BaZnO3,0.0,-1.844181115,69.67818890775195
mp-3834,BaZrO3,3.0441000000000003,-3.639168969000001,74.74546324141521
mp-1019544,BaZrO3,3.1163,-3.639240691,149.38125101812372
mp-540771,BaZrS3,0.9900000000000002,-2.107697715499998,506.0566946992324
mp-998350,BaZrSe3,0.2023999999999999,-1.8429590454062497,148.68645536701626
mp-998427,BaZrSe3,0.3725999999999998,-1.9204629559062496,561.8133477504385
mp-1079300,BaZrSe3,0.0,-1.87114829240625,294.5892058706588
mp-1183417,BeAgO3,0.0,-0.777852184333333,45.43780109045
mp-1183414,BeAuO3,0.0,-0.6280899599999998,45.53696457156541
mp-1183422,BeBO3,0.0,-1.0005990278333328,34.79914295160879
mp-1183403,BeBiO3,0.0,-1.631539188,49.584527008863695
mp-1183418,BeCdO3,0.0,-1.2633947120000002,47.24786719250145
mp-1183426,BeCuO3,0.0,-0.8222601760000003,41.487602710206495
mp-984722,BeGaO3,0.0,-1.2922788015000002,41.51241513065125
mp-1183415,BeGeO3,0.0,-1.188172349000001,43.05488498849875
mp-1183413,BeHgO3,0.0,-0.892067298500001,48.89174877992068
mp-1183436,BeInO3,0.0,-1.5278014073333324,44.98670568815324
mp-726347,BeNF3,2.6792,-1.5652672185000007,336.1087107700283
mp-1188955,BeNF3,1.7006,-1.3543421915000002,293.0589582435813
mp-1214301,BeNF3,0.0,-1.5717927945000008,381.53473582422913
mp-1183431,BeOsO3,0.0,-0.7461811979999993,40.61822295294155
mp-1183499,BePbO3,0.0,-1.3920753379999993,48.72835290398645
mp-1183447,BePdO3,0.0,-0.8500714260000002,42.81809943999384
mp-1183451,BePtO3,0.0,-0.7158180159999994,42.97374946621928
mp-1183476,BeReO3,0.0,-1.0084018345000012,41.22133224745682
mp-1183443,BeSbO3,0.0,-1.525668536,45.78170326605363
mp-1183445,BeSiO3,0.2690999999999999,-1.959788182,42.04936611513888
mp-1183449,BeVO3,0.0,-1.7100298620000003,40.31645308937704
mp-984552,BeZnO3,0.0,-1.1923881820000006,42.991823945284224
mp-31250,BiBO3,3.0096,-2.290466749833336,259.34169065972594
mp-1178485,BiCO3,1.4110999999999998,-1.6125785059999995,310.1507491782457
mp-1183479,BiMoO3,0.0,-1.4062459230000015,69.76336218902185
mp-753455,BiOF3,0.0241009386897667,-2.1440404410000005,396.21089693666096
mp-1214261,BiPb3Au,0.0,-0.0413017465000052,596.3212162141713
mp-1183469,BiPtO3,0.0,-0.7547056550000001,67.45428325640967
mp-680530,BiPtPb3,0.0,-0.1654866128750086,571.5016985480931
mp-573119,BiRhO3,0.3772999999999999,-1.3468585145000005,251.64851803379383
mp-755382,BiSbO3,2.1066000000000003,-1.6185311820000003,166.76267335128563
mp-1227486,BiSbS3,1.3483999999999998,-0.3486251604375013,527.799868152903
mp-1227508,BiSbSe3,1.0106000000000002,-0.3442571731875034,594.3850249237373
mp-1227340,BiSbTe3,0.2132999999999993,-0.4316967519999991,175.60495542387753
mp-29526,BrNO3,2.208,-0.5361104965000003,322.4671988112441
mp-722025,C3IN,1.951,1.706767253999999,326.7932901394854
mp-1079290,C3IN,1.9388,1.814708515999999,272.24793599220885
mp-722045,C3NCl,1.3250000000000002,1.2924799439999994,224.93520862205028
mp-1080825,C3NCl,2.0220405775686667,1.473646504,236.5190317241504
mp-28765,CBr3F,3.3364000000000003,-0.3626821864999996,641.9795737103517
mp-23071,CCl3F,4.8988,-0.6460278512499997,923.9760006360516
mp-28473,CClF3,6.616,-1.6607786360000003,160.28768937768186
mp-556845,CIF3,3.725,-1.4713134124999996,467.9756858583632
mp-1188937,CN3Cl,0.3147,0.9513659329999988,415.39153083170027
mp-29700,CS3N,2.8222,0.1953851108571456,1034.226560362879
mp-1214236,CSN3,0.0,0.2870415870357149,259.1862362097286
mp-4192,Ca3AsN,0.8949999999999996,-1.2923408102499991,430.2095810510133
mp-7223,Ca3AsN,0.7169999999999996,-1.2842973102499995,107.23278565641596
mp-1013543,Ca3AsN,0.0,0.0397970127500016,158.46601434065124
mp-1013642,Ca3AsP,0.1926999999999998,-1.1269818866785712,151.75197904576734
mp-1096856,Ca3AsP,0.1089000000000002,-0.9044160086785724,159.64825035816477
mp-9040,Ca3AuN,0.0,-0.8603116077499976,113.72960889704892
mp-1013545,Ca3BiAs,0.0,-1.090001270416667,169.11237700000004
mp-1013703,Ca3BiAs,0.0,-0.4690577604166691,199.176704
mp-31149,Ca3BiN,0.3691000000000004,-1.204245116750002,117.67446228077743
mp-1013542,Ca3BiN,0.0,0.5483129252499964,200.201625
mp-1013558,Ca3BiP,0.0759000000000003,-1.121780490595242,158.9968941301616
mp-1013702,Ca3BiP,0.0,-0.3163809224029393,197.13736800000004
mp-1013704,Ca3BiSb,0.0,-0.4885658820000007,201.23005600000005
mp-1013733,Ca3BiSb,0.0,-0.64572593,196.122941
mp-11822,Ca3GeN,0.0,-0.8614104477499993,110.88138976749332
mp-9721,Ca3GeO,0.0,-1.7046520700000003,104.80890703191912
mp-17193,Ca3GeO,0.1401999999999992,-1.7076779870000014,209.9891859626689
mp-11824,Ca3PN,0.8055999999999996,-1.205423485345237,104.59748823288616
mp-1013540,Ca3PN,0.0,-0.045294933345238,148.035889
mp-21128,Ca3PbN,0.0,0.7488581810000007,211.06860811249467
mp-20273,Ca3PbO,0.0,-1.6893126369999971,113.79724006134056
mp-1013544,Ca3SbAs,0.4005999999999998,-0.9087447835000002,165.46914900000002
mp-1013738,Ca3SbAs,0.0,-0.4289240455000002,190.109375
mp-31157,Ca3SbN,0.0,0.5188725110000003,190.8448047304772
mp-1013548,Ca3SbN,0.4075000000000006,-1.1643704449999988,114.8041449895023
mp-1013550,Ca3SbP,0.6583000000000001,-0.982970640928572,155.9331687720289
mp-1096764,Ca3SbP,0.0,-0.2785788809285705,188.75186574451104
mp-11649,Ca3SiO,0.1866000000000003,-1.6121761485,418.3815907476482
mp-1183521,Ca3SiO,0.3016999999999994,-1.612632342,417.5048518189012
mp-1205330,Ca3SiO,0.0565999999999995,-1.612887664000001,208.68400586094293
mp-637179,Ca3SnN,0.0,0.6716416299999995,205.0652433306749
mp-29241,Ca3SnO,0.0,-1.767366990000001,112.432864066377
mp-10554,Ca3TlN,0.0,-0.7596014077500002,121.56868488711186
mp-1226791,CaAl3Au,0.0,-0.550265749999997,100.52460749383536
mp-984628,CaBO3,0.0,-2.0209404068333328,42.13256708502324
mp-1084760,CaBO3,0.3587,-2.8175817438333324,133.29544697205682
mp-1189809,CaBO3,0.5519844607983625,-2.8158850898333325,265.8473593089517
mp-1206909,CaBPd3,0.0,-0.5539117945000015,78.316063381212
mp-984632,CaBeO3,0.0,-2.2314669700000005,47.238026636691295
mp-755893,CaBiO3,0.6655289785034206,-2.2642227314999985,289.0372280681903
mp-867749,CaBiO3,0.1703000000000001,-2.243382312,156.56459992332617
mp-1178493,CaBiO3,0.0,-2.1646717075000006,307.5353457063267
mp-1378965,CaBiO3,0.0,-2.238927774999999,289.41061862777906
mp-3205,CaCO3,4.270200000000001,-2.518678984,110.769826894637
mp-3953,CaCO3,5.0109,-2.687544458000005,122.9495072208524
mp-4626,CaCO3,4.1871,-2.686548403500005,224.88143044501672
mp-548403,CaCO3,5.7242,-2.3776918460000003,104.7489959704011
mp-553939,CaCO3,4.718299999999999,-2.6748545280000044,248.7939356471248
mp-556235,CaCO3,4.9769,-2.686676765000004,244.95879367681047
mp-560265,CaCO3,4.9436,-2.6794761430000005,1174.5909952235652
mp-561412,CaCO3,4.9726,-2.6803470386666675,191.62792800071696
mp-641635,CaCO3,0.0063999999999999,-1.3097716355000002,306.45783959936216
mp-696740,CaCO3,1.4556999999999998,-0.8148376780000006,118.88023144734048
mp-1079918,CaCO3,4.8573,-2.6808577740000046,120.15381547293792
mp-1188902,CaCO3,5.7396,-2.6848136255000044,233.29606311051344
mp-1194399,CaCO3,4.9216,-2.6802455663333387,376.2607498876414
mp-1197230,CaCO3,4.925530420313324,-2.682850703000004,572.3887566898225
mp-1197939,CaCO3,4.0435,-2.6793883360000006,1170.318280569606
mp-2717324,CaCO3,5.662,-2.679310727333339,185.647804235796
mp-756365,CaCeO3,2.3372999999999995,-3.619638707999999,301.40837780939603
mp-1099934,CaCoO3,0.0,-1.881145529,53.30553410603655
mp-1368304,CaCoO3,0.0,-1.9762971390000004,214.852583269424
mp-1399298,CaCoO3,0.0,-1.5583596329999991,97.80442736496283
mp-20772,CaCrO3,0.3943000000000003,-2.6182799805,220.31739524847345
mp-1099873,CaCuO3,0.0,-1.700447861,55.02966228172412
mp-19115,CaFeO3,0.0,-2.2285190305,210.95958245175632
mp-1001571,CaFeO3,0.0,-2.176371779,56.47327359803378
mp-1272846,CaFeO3,0.0607000000000002,-2.2238986135000003,226.6302730514852
mp-1278982,CaFeO3,0.0,-2.1756283089999995,227.34295850654135
mp-1227072,CaGa3Pt,0.0,-0.6547267464999983,96.63892594288887
mp-567485,CaGaAu3,0.0,-0.6220695137500002,777.0655254461702
mp-8130,CaGeO3,2.0287,-2.642606039500001,216.4272088717933
mp-17761,CaGeO3,3.4813,-2.7499819453333334,436.38233200714
mp-554549,CaGeO3,2.5121,-2.735575463625,969.4508785919636
mp-776074,CaGeO3,3.2925,-2.7199105163333344,438.5384044777961
mp-776086,CaGeO3,3.3911,-2.729070417666668,418.57112569596745
mp-1016884,CaGeO3,0.5017000000000005,-2.579209944,54.1490255087543
mp-aaaieizk,CaGeO3,4.6311,-2.6877638880000005,116.48988133847152
mp-1207169,CaH3Pd,0.0,-0.5692839752499992,50.92933491625866
mp-754853,CaHfO3,4.4855,-3.8209380630000025,252.2913381939509
mp-1016873,CaHfO3,3.6612,-3.660851149000004,67.27067539944997
mp-1190098,CaHfS3,1.5238,-2.025165418687501,441.8930364734302
mp-1183570,CaHgO3,0.0,-1.212001969500001,73.60014685629169
mp-1183539,CaHoO3,0.0,-2.8956098519999984,80.13702098788315
mp-28534,CaInBr3,3.1362,-1.824617550333334,327.873726444337
mp-1206105,CaInI3,2.784509231480061,-1.3763046473333334,409.7901296905657
mp-1183543,CaInO3,0.0,-1.9789301123333325,72.13462947097263
mp-4243,CaIrO3,0.0,-2.1019495170000027,114.21872186793516
mp-20198,CaIrO3,0.0,-1.448002058,113.08204138316108
mp-555735,CaIrO3,0.0,-2.0774542979999997,228.6900073487555
mp-1016872,CaIrO3,0.0,-1.795396683,61.792674200619054
mp-1079054,CaIrO3,0.0,-1.7786132449999996,128.73544915681154
mp-1183562,CaLaO3,0.0,-2.667460736000001,91.41240612908156
mp-1183532,CaMgO3,0.0,-2.228589692,61.40444465533577
mp-19201,CaMnO3,0.4685999999999999,-2.5004380640862065,218.02043676963348
mp-1017467,CaMnO3,0.0,-2.418963380586207,54.946370694131424
mp-1188497,CaMnO3,0.0,-2.415764464086206,231.9933662023385
mp-989401,CaMoN3,0.0,-0.7453831289999997,134.27188237425247
mp-989635,CaMoN3,0.8725999999999994,-0.7922665840000022,140.0983293035419
mp-989649,CaMoN3,0.0,-0.7654974100000004,157.61117288901912
mp-19012,CaMoO3,0.0,-2.613015463999999,238.54423915062333
mp-607467,CaMoO3,1.1050000000000004,-2.6193777365,251.53959017651147
mp-1045305,CaMoO3,1.0948000000000002,-2.6096829269999997,251.8958581900744
mp-1106358,CaNCl3,1.4827,-0.952380924,535.505025319184
mp-4957,CaNbO3,0.0,-3.157008141,253.6735705735613
mp-1207078,CaNiH3,0.0,-0.5611345147500011,43.03193756126438
mp-754103,CaNiO3,1.2293000000000005,-1.7527559170000004,111.93005701039908
mp-1368210,CaNiO3,0.0,-1.7696274735000004,219.31057008526892
mp-1016900,CaOsO3,0.0,-1.976540853,61.7311750736624
mp-1213970,CaOsO3,0.0,-2.1458542185,235.8143206324524
mp-9789,CaPS3,3.0848000000000004,-1.236962133282738,443.7788177109644
mp-11007,CaPSe3,2.1335,-1.0519848980327395,507.1679981909675
mp-20079,CaPbO3,0.9309000000000004,-2.173213993499998,275.27296614002546
mp-12572,CaPd3C,0.0,-0.2014072335000008,78.49247308911087
mp-756708,CaPrO3,0.0,-3.0124271078333336,326.0225185540034
mp-4784,CaPtO3,1.2767999999999995,-1.9915016940000012,114.94236831033714
mp-989606,CaReN3,1.8056,-0.7351132354999919,312.5301702485125
mp-1016833,CaRhO3,0.0,-1.8357238210000009,61.82709777288515
mp-1078659,CaRhO3,0.0,-2.0930562969999995,111.34209089405522
mp-1181917,CaRhO3,0.0,-2.0680298124999994,226.3073630109768
mp-1193602,CaRhO3,0.0,-2.087925933666666,335.78585891721
mp-20947,CaRuO3,0.0,-2.226688614500003,227.7433091928982
mp-1016835,CaRuO3,0.0,-2.061455217000001,60.67733082827061
mp-1340624,CaSbO3,0.0,-2.4368179185,276.59592149863045
mp-1377563,CaSbO3,0.0,-2.4285152350000003,273.7490171218
mp-1183534,CaScO3,0.0,-3.070074366000001,68.15474941663646
mp-557997,CaSeO3,4.2427,-2.3069270359687524,284.23135478673646
mp-754140,CaSeO3,4.1407,-2.285101090968752,288.9732091579102
mp-1068653,CaSi3Ir,0.0,-0.634010671999998,86.74361441934843
mp-1069604,CaSi3Pt,0.0,-0.6844212309999989,88.07321687818975
mp-3382,CaSiO3,3.5254000000000003,-3.204318187,94.00639676203232
mp-3387,CaSiO3,3.6891000000000007,-3.2067335130000005,93.9518266932576
mp-4356,CaSiO3,3.5299,-3.20434334,187.989360397809
mp-4428,CaSiO3,4.733700000000001,-3.425096944333334,390.2425615855172
mp-4429,CaSiO3,4.8413,-3.4480482148333342,398.6826269045318
mp-4853,CaSiO3,3.5088,-3.2043236065,187.8658981142353
mp-5096,CaSiO3,3.6873,-3.206924891999999,93.99326291098971
mp-5733,CaSiO3,5.593500000000001,-3.448033938666668,797.3329242079571
mp-5893,CaSiO3,3.4579000000000004,-3.203830397,46.96632581831585
mp-17552,CaSiO3,4.7114,-3.4277202543333347,410.0947287636344
mp-560885,CaSiO3,3.7183,-3.206805305499999,188.0809592100086
mp-561086,CaSiO3,4.707999999999999,-3.427817503666667,819.3157372160958
mp-649676,CaSiO3,2.9075,-3.0976868138333344,1157.9363364694275
mp-1181886,CaSiO3,3.575341730749508,-3.2043016625,188.0376543147348
mp-aaaieioc,CaSiO3,6.58,-3.1858285738333323,105.60159851659404
mp-4190,CaSnO3,2.9218,-2.679684276000008,134.53390939302432
mp-4438,CaSnO3,2.3327,-2.694555046500008,248.80571219239832
mp-7986,CaSnO3,1.3941,-2.4844645939999994,67.24159084581586
mp-546910,CaSnO3,0.0,-1.2447845980000003,82.30907163608116
mp-1182670,CaSnO3,0.7363,-1.6076784450000006,173.27347287152
mp-866471,CaSnS3,0.0,-1.0698000199999989,526.6296381842685
mp-866495,CaSnS3,0.6807999999999996,-1.2249674544999984,503.2224859742892
mp-866504,CaSnS3,0.7363999999999997,-1.2053540624999988,763.1222389932685
mp-866505,CaSnS3,0.3010999999999999,-1.2236287818999996,2809.419067078957
mp-866519,CaSnS3,0.3979999999999997,-1.1916185764999987,235.5703956907269
mp-866565,CaSnS3,0.3031999999999999,-1.1527496002499986,992.4378425645772
mp-866606,CaSnS3,0.7014000000000005,-1.211848841166666,1521.189169567561
mp-866629,CaSnS3,0.0,-1.2038700156111095,2460.235743879509
mp-866787,CaSnS3,1.2537000000000005,-1.1862583200833328,3231.207161222054
mp-866811,CaSnS3,0.7503000000000002,-1.3138190349999987,440.30320339824056
mp-866816,CaSnS3,0.0,-0.9073920354999984,125.83547952155796
mp-866820,CaSnS3,0.0,-0.3824483334999989,141.03626094188232
mp-866826,CaSnS3,1.6324,-1.315281167499999,245.89291981375573
mp-866833,CaSnS3,0.0,-0.9981712384999988,247.7474765594473
mp-866844,CaSnS3,0.7953000000000001,-1.2761394854999986,458.0671251767284
mp-866845,CaSnS3,0.5558999999999998,-1.2232310634999983,237.9532205990824
mp-866850,CaSnS3,0.4246999999999996,-1.2986899914999988,221.28021666936272
mp-866894,CaSnS3,0.0,-0.8925932774999985,131.57279279396633
mp-866917,CaSnS3,0.0,-1.0925806094999984,124.56235415941735
mp-866936,CaSnS3,0.2488000000000001,-1.1742063249999988,466.99045618656936
mp-866941,CaSnS3,1.3701,-1.3042937564999988,550.3127730062115
mp-866951,CaSnS3,0.0,-0.952517956166666,373.4980460297501
mp-867022,CaSnS3,1.1208,-1.2017162238333323,883.993703306268
mp-867047,CaSnS3,0.0,-1.1748595436666662,1629.5220744870371
mp-867053,CaSnS3,0.0,-1.1661220631666651,2491.749258894472
mp-1054609,CaSnS3,0.0,-1.0185135414999995,387.99217183951856
mp-1100323,CaSnS3,0.0,-0.9342159019999988,501.3774637944209
mp-1100325,CaSnS3,0.0,-1.162516613499999,134.3291361459511
mp-1100328,CaSnS3,0.0001000000000002,-1.1600936114999991,401.5107349220729
mp-1100329,CaSnS3,0.1110000000000002,-1.2268183914999988,239.90321752509695
mp-1100330,CaSnS3,1.7213,-1.2786855301666658,893.9766403828442
mp-1100334,CaSnS3,0.0,-0.9123786494999984,132.86149795375115
mp-1100335,CaSnS3,1.8767,-1.2974935244999988,812.6798833796337
mp-1100340,CaSnS3,1.584,-1.2713571274999986,514.5442982539549
mp-1100343,CaSnS3,0.0,-1.0856922954999988,504.4057838618343
mp-1100344,CaSnS3,0.0,-1.0106519924999986,1019.8534772836334
mp-1100345,CaSnS3,0.3799170005259427,-1.2789337554999989,252.0584884446196
mp-1100357,CaSnS3,0.0,-1.1324075090999992,630.1849156487176
mp-1100358,CaSnS3,1.3995000000000002,-1.2347679257499984,1095.1147273793472
mp-1100365,CaSnS3,0.0,-1.1277072669999988,527.0690954827661
mp-1100371,CaSnS3,0.2672000000000003,-1.1363938654999994,777.3925338958659
mp-1100375,CaSnS3,1.7356000000000005,-1.2788708588333326,1790.7564626008498
mp-1100379,CaSnS3,1.4207999999999994,-1.246450446666666,1700.5627281387194
mp-1100381,CaSnS3,0.8106999999999998,-1.3206817029999989,2042.7044615367172
mp-1100389,CaSnS3,0.0442,1.4858477595000017,5583.926635824841
mp-1238933,CaSnS3,0.8455999999999997,-1.2545912059999984,475.39592434803626
mp-1331908,CaSnS3,0.2654000000000001,-1.2241355943999992,2797.241358211792
mp-989634,CaTcN3,1.4065,-0.5612376097499989,317.7861076091947
mp-989638,CaTcN3,0.4740000000000002,-0.5733301422500006,137.57271785455993
mp-998432,CaTcO3,0.0,-2.3660763720000006,61.07512273289564
mp-998525,CaTcO3,0.0,-2.366164424,61.07621566601265
mp-998543,CaTcO3,0.0,-2.4456274989999995,119.52833820373252
mp-1188853,CaTcO3,0.0,-2.4751163185000022,234.84739259201064
mp-2981,CaTeO3,2.9425,-2.3995365387777774,1546.9130639096422
mp-17008,CaTeO3,3.299300000000001,-2.3953194894666656,512.6112811998438
mp-560097,CaTeO3,3.2538,-2.3978422350000006,1069.212964582537
mp-560656,CaTeO3,2.9142,-2.4082950049333336,1686.5820265021075
mp-561374,CaTeO3,3.1241000000000003,-2.397524383444444,1591.5480799717564
mp-1195263,CaTeO3,3.5195,-2.3839908748333327,743.2879959459007
mp-1228456,CaTeO3,3.1557000000000004,-2.395577252333333,1605.3326258044688
mp-1366217,CaTeO3,3.2669,-2.411071277933334,1625.1279576798906
mp-3442,CaTiO3,2.2417,-3.538690571666666,112.41312515722096
mp-4019,CaTiO3,2.3053,-3.5560871571666666,224.09973769300063
mp-5827,CaTiO3,1.8272,-3.491619559666667,58.83985762289643
mp-556003,CaTiO3,2.1586,-3.5446753466666663,112.52875726749468
mp-754701,CaTiO3,3.5666,-3.5277344686666665,124.95341697913328
mp-1205364,CaTiO3,2.1378,-3.5446375646666666,225.02899171175915
mp-1205521,CaTlBr3,3.725386510785899,-1.9157181836666672,328.6284841078922
mp-998151,CaTlCl3,3.9626,-2.187154794666668,157.40066040659983
mp-998787,CaTlCl3,4.2088,-2.225909891666676,285.1063935878464
mp-998150,CaTlF3,4.4564,-3.2995058576666665,88.93294788836994
mp-998615,CaTlF3,4.4687,-3.306386250666669,174.91206828325397
mp-1097061,CaTlF3,4.4565,-3.2995649176666677,91.74087869651436
mp-1955652,CaTlF3,4.8907,-3.241479516000001,89.00543654733717
mp-1206188,CaTlI3,3.226101043110753,-1.4667115166666682,404.7941461537616
mp-1183538,CaTmO3,0.0,-2.9667524210000025,77.96984479230309
mp-22608,CaVO3,0.4338999999999999,-2.9363439975000007,214.7429867546256
mp-1016853,CaVO3,0.0,-2.8312689610000006,56.19975561423256
mp-1435359,CaVO3,0.2606000000000001,-2.928685933000001,224.8006192053436
mp-989616,CaWN3,0.5612000000000004,-0.8058684772500015,145.95522033096265
mp-1342410,CaWO3,1.9784000000000008,-2.611401141499999,255.79037973460856
mp-1431390,CaWO3,0.0,-2.4445110709999995,69.25007416783295
mp-1183544,CaYO3,0.0,-2.822118803000001,82.06034800537797
mp-1183540,CaZnO3,0.0,-1.8021280790000005,58.258778748431645
mp-4571,CaZrO3,3.826000000000001,-3.670175069500004,258.7265007863652
mp-542112,CaZrO3,3.2122,-3.478281985,71.99498215571205
mp-776024,CaZrO3,3.4707,-3.64480969275,542.7856698013446
mp-aaaieiqg,CaZrO3,5.4443,-3.6513234240000014,137.27690835903863
mp-7781,CaZrS3,1.1878000000000002,-2.0321961839999987,450.7956097659229
mp-1246622,Cd3SbN,0.0,0.2959629312499999,419.6941463244568
mp-1183631,CdBO3,0.0,-0.9883640408333328,42.938277854427824
mp-755478,CdBiO3,0.8138999999999998,-1.435096649000002,145.26917584693376
mp-4385,CdCO3,2.6293,-1.7549635269999997,115.52902720431366
mp-547864,CdCO3,0.0,1.4783401239999996,70.7555627166026
mp-654812,CdCO3,0.0,1.1337827939999996,64.92625259175497
mp-1198558,CdCO3,0.0,-1.1877917385000003,563.0646567828524
mp-1017553,CdCo3N,0.0,-0.0202775909999999,57.291213052689926
mp-752746,CdCoO3,0.0,-1.0866607979999998,217.36109870664112
mp-768578,CdCoO3,0.1331000000000002,-1.1404746344999992,236.9893852503211
mp-770662,CdCoO3,0.0,-1.1266180739999996,111.68017699771292
mp-776476,CdFeO3,0.0,-1.3160181860000002,224.18182162147863
mp-1290304,CdFeO3,0.0,-1.3086087804999995,227.1522346587413
mp-1639105,CdFeO3,0.0,-1.30122432,225.9259816774008
mp-2951,CdGeO3,1.5009,-1.8570413364999996,261.9034629877659
mp-7588,CdGeO3,1.301,-1.841437826875,996.4899421647862
mp-8275,CdGeO3,1.4265,-1.836166632,118.83630558937064
mp-13003,CdGeO3,0.8481000000000001,-1.7401895724999996,215.97939401466783
mp-685935,CdGeO3,1.7239999999999998,-1.761561389,154.93044510132876
mp-1016903,CdGeO3,0.1022000000000007,-1.5558402979999997,54.11695667257225
mp-1227040,CdGeO3,0.0741999999999998,-1.1455026919999995,137.79220244027488
mp-1096862,CdHCl3,0.0,-0.2817489882499998,142.10646763194086
mp-505222,CdInBr3,2.2208,-1.1015255183333346,615.4076256288415
mp-1016828,CdIrO3,0.0,-0.8317978289999999,61.77813947332076
mp-2647004,CdIrO3,0.0,-1.1872659216666668,388.2815804216151
mp-1080000,CdNCl3,2.0259,-0.2962468849999997,416.4900116707763
mp-1080587,CdNCl3,0.8155,-0.1658703149999997,320.93714705180184
mp-1105591,CdNCl3,0.0,-0.1242813114999997,625.7172069528243
mp-726169,CdNF3,0.0,-0.7941769939999993,330.1096797682404
mp-1206343,CdNi3C,0.0,0.0249962322575754,57.78832993499817
mp-1017554,CdNi3N,0.0,-0.1006752557499993,55.8102159363317
mp-1016882,CdOsO3,0.0,-1.0349968289999991,61.29977114342224
mp-5328,CdPS3,1.7561999999999998,-0.5271939382827384,230.0018155238127
mp-9330,CdPS3,1.9429000000000003,-0.5263907802827376,228.04409683199663
mp-1079559,CdPSe3,1.2145,-0.5814219153348212,261.691952841095
mp-685257,CdPbO3,0.0,-1.3751239762499992,577.0968158397645
mp-1016875,CdRhO3,0.0,-0.8457294909999995,61.70418835153962
mp-1016849,CdRuO3,0.0,-1.079125577,60.61615746211363
mp-8516,CdSO3,3.2550000000000003,-1.6321763404999998,300.59403038203004
mp-18634,CdSO3,3.0476,-1.6293916311666663,451.7822968281786
mp-556680,CdSO3,3.2201710206998837,-1.6322225974999995,624.5645595014557
mp-9186,CdSeO3,3.0904000000000007,-1.4144812314687514,273.4878134372338
mp-559203,CdSeO3,3.4047,-1.4089552067187512,632.4855475554016
mp-560560,CdSiO3,2.573,-2.5356085155000017,766.931992499724
mp-776023,CdSiO3,2.5256,-2.508809583,529.9800388010572
mp-1016879,CdSiO3,0.6505999999999998,-2.161102249,47.43478301350349
mp-754329,CdSnO3,0.9815,-1.8377478320000016,131.04061486299892
mp-849371,CdSnO3,0.6937000000000002,-1.8073645795,242.8075437023761
mp-1016881,CdSnO3,0.0,-1.4914406139999996,66.7948768517519
mp-1182642,CdSnO3,0.7079,-1.7581368599999998,155.81331424913833
mp-1189706,CdTcO3,0.0,-1.5525685449999995,238.9613288887264
mp-28290,CdTeO3,3.0793,-1.521631727583333,604.9274931616135
mp-10036,Ce3AlC,0.0,-0.3477542079999978,124.05038839781577
mp-10881,Ce3AlN,0.0,-0.8997610077499985,118.3160019871586
mp-1206367,Ce3AlO,0.0,-1.4052915769999983,112.47581730920872
mp-20992,Ce3InC,0.0,-0.4898447500000003,128.47521933070755
mp-1069526,Ce3InC,0.0,1.6150788919999968,199.12790287259952
mp-20550,Ce3PbC,0.0,1.7646497570000022,214.5124877735204
mp-20159,Ce3SnC,0.0,1.6183138740000012,199.51382324234328
mp-1206922,Ce3SnN,0.0,-1.0466955699999971,123.00846147221452
mp-1245828,Ce3SnN,0.0,1.2852300380000017,203.1127969285428
mp-21319,Ce3TlC,0.0,1.6767384765000088,201.47265968457955
mp-1226650,CeAl3Ag,0.0,-0.3497424763333335,102.79464769359232
mp-1070063,CeAl3Au,0.0,-0.5797205839999997,101.68140100567088
mp-1069443,CeAl3Cu,0.0,-0.4925924620000018,94.89291736008356
mp-1226654,CeAl3Cu,0.0,-0.4109202280000005,95.4517334166851
mp-1226634,CeAl3Pd,0.0,-0.6219503838333423,96.72394870688436
mp-1226648,CeAl3Pt,0.0,-0.7036156079999991,95.57972916432831
mp-3408,CeAlO3,0.0,-3.619700071999999,106.8926141185251
mp-4096,CeAlO3,0.0,-3.614738332,106.62207029006254
mp-5323,CeAlO3,0.0,-3.603223499,53.243562933991896
mp-19843,CeAlO3,0.0,-3.620338527999999,213.7515026909713
mp-776167,CeAlO3,0.0,-3.617263174,218.92352138921584
mp-1078398,CeAsO3,0.0609000000000001,-2.7458856125000004,140.19995683687966
mp-1195015,CeAsO3,0.2860999999999993,-2.8189034207499994,582.7221069567656
mp-20178,CeBO3,0.0194,-3.4065263718333343,124.84650887509292
mp-20882,CeBO3,0.0586999999999999,-3.412399983833333,240.9429887520787
mp-19948,CeBPd3,0.0,-0.5036601588333326,84.09128433161773
mp-22435,CeBPt3,0.0,-0.9882546805000004,82.20577785631383
mp-510376,CeBRh3,0.0,-0.7999052124999991,74.69804230192618
mp-1189296,CeBS3,0.0786999999999995,-1.517882966333331,415.117647879931
mp-1226619,CeBeAl3,0.0,-0.3129942149999991,91.78367762064714
mp-1183685,CeBeO3,0.8093999999999992,-3.1785411420000003,46.67338151802652
mp-1213812,CeCdO3,1.5446999999999995,-2.716939539499999,305.7288508020773
mp-21116,CeCoGe3,0.0,-0.5707676369999988,90.32500476614857
mp-568089,CeCoSb3,0.0,-0.667851143999993,956.9801469364972
mp-1070753,CeCoSi3,0.0,-0.6578500220000002,79.39754017064506
mp-1226614,CeCoSi3,0.0,-0.4696132199999994,78.66668594117921
mp-20650,CeCrGe3,0.0,-0.4260645569999987,192.21455036846925
mp-20530,CeCrO3,0.0,-2.9704204150000004,59.618378740261385
mp-780712,CeCrO3,0.0,-3.100860515,245.02487755512757
mp-21871,CeCrS3,0.0,-1.6716363844999989,387.8507289944071
mp-1213967,CeCrSb3,0.0,-0.5884770975000067,499.1599800937594
mp-20170,CeCrSe3,0.0,-1.4712222024062511,446.0415230478957
mp-977389,CeCuO3,0.0,-2.334185237,56.30938271874032
mp-20775,CeDyS3,0.0,-2.4042347131875004,457.6605672097798
mp-638813,CeErS3,0.0,-2.3395369088333315,1377.6275976004144
mp-1202288,CeErS3,0.0,-2.3431232682499976,907.2817040392706
mp-20722,CeFeGe3,0.0,-0.5044549950000018,93.01435651421248
mp-756062,CeFeO3,0.6735999999999995,-2.8691226130000005,245.9248212563672
mp-864636,CeFeO3,0.0,-2.5727843370000003,60.86443995809566
mp-1226621,CeGa3Ag,0.0,-0.4193286928333322,102.21665093693706
mp-1226631,CeGa3Au,0.0,-0.557484264499999,100.88274022461836
mp-1206925,CeGa3Cu,0.0,-0.0879492608333549,101.924885706218
mp-1226613,CeGa3Cu,0.0,-0.5275118019999979,92.41934321990688
mp-1226580,CeGa3Ni,0.0,-0.4995381544999994,90.06564028301628
mp-1226603,CeGa3Ni,0.0,-0.5892662964999971,90.44715336824171
mp-1078348,CeGa3Pd,0.0,-0.6845585974999977,192.724731002022
mp-1226513,CeGa3Pd,0.0,-0.6723871124999995,98.52086063244955
mp-1226576,CeGa3Pt,0.0,-0.684243602499999,96.12181696412136
mp-22540,CeGaO3,0.0,-2.239542462499999,85.9685597555511
mp-33365,CeGaO3,0.0,-2.890761752499999,59.063110754509616
mp-1019598,CeGaO3,0.0,-2.996158735499999,241.53359368034128
mp-13122,CeGe3Ir,0.0,-0.6548399129999993,98.26810401425148
mp-13121,CeGe3Rh,0.0,-0.6881033349999974,97.46821144591432
mp-1198354,CeGe3Ru,0.0,-0.6019523089999972,737.3000750010241
mp-1214689,CeIn3Pt,0.0,-0.5421049034999982,952.0751694358884
mp-1213810,CeLuO3,0.1122000000000005,-3.888993242833333,288.41203700202817
mp-1092225,CeLuS3,0.0,-2.38547417602083,230.3592996435985
mp-1205797,CeLuS3,0.0,-2.245438909354178,239.69013903796812
mp-1232197,CeMgS3,0.33,-1.637528716499998,249.9385895264058
mp-1232253,CeMgS3,1.0618000000000003,-1.822925755833332,712.4397060768083
mp-1232259,CeMgSe3,0.0867,-1.482840639406249,286.5655637034556
mp-1232360,CeMgSe3,0.875,-1.6509558920729168,833.3870409532967
mp-1183706,CeMnO3,0.0,-2.7920294005862063,60.371551975903536
mp-1205748,CeNiGe3,0.0,-0.5699935449999998,188.9371442634976
mp-776207,CeNiO3,0.9323000000000006,-2.748283114499999,233.389042111955
mp-866095,CeNiO3,0.0,-2.396649083000001,54.242728695214055
mp-568237,CeNiSb3,0.0,-0.7079298269999988,940.3112221414732
mp-579812,CeNiSb3,0.0,-0.7057690898333305,1443.9187233893172
mp-1214439,CePbO3,0.7299000000000007,-2.5672504764999986,361.1342055144163
mp-1183759,CePuO3,0.0,-2.987861632749997,83.18430470359806
mp-22519,CeRh3C,0.0,-0.3800327314999975,75.6090522789165
mp-1213826,CeRhO3,0.0,-2.5527564455,251.99033953667276
mp-1206127,CeRu3C,0.0,-0.2404484270000011,71.96240089917968
mp-1078616,CeSb3Pd,0.0,-0.3787821659999985,270.63486264357385
mp-38685,CeSbO3,0.0,-2.4821432099999994,331.4405653898221
mp-777413,CeScO3,0.0,-3.855008806999997,263.33288447133674
mp-20953,CeScS3,0.0,-2.3153076331874987,450.19260529870337
mp-1068906,CeSi3Ir,0.0,-0.8399464799999997,88.36541769068084
mp-1068364,CeSi3Os,0.0,-0.6550181099999947,88.65308006731142
mp-1207122,CeSi3Pt,0.0,-0.7978677920000002,89.72739665110615
mp-1070394,CeSi3Rh,0.0,-0.8207631660000004,87.56733367774123
mp-13120,CeSi3Ru,0.0,-0.7225186839999964,87.50077524413085
mp-1204796,CeSiAs3,0.0,-0.73903646025,913.73586026055
mp-651900,CeSiP3,0.0,-0.7683572560357106,816.4714488447053
mp-1207119,CeSiPt3,0.0,-1.0542002579999925,91.2897636716248
mp-1198476,CeSn3Ru,0.0,-0.5195400244999988,950.1751990343956
mp-1183701,CeTaO3,0.0,-3.053413314466667,66.66087960201669
mp-1205531,CeTiGe3,0.0,-0.6693014946666637,199.08101115048456
mp-754524,CeTiO3,0.0,-3.497674579666666,61.288438271041045
mp-1213788,CeTmO3,0.0947999999999993,-3.862318291,293.9370669190826
mp-541836,CeTmS3,0.0,-2.3872500379375,911.783348536846
mp-683985,CeTmS3,0.0,-2.368082826604181,1359.6375821514046
mp-18769,CeVO3,0.0,-3.225797496499999,238.20798811685643
mp-22593,CeVO3,0.0,-2.963973955,60.2489661693708
mp-1226471,CeZnGa3,0.0,-0.4352016544999998,98.64954419928104
mp-753945,ClOF3,3.6499,-0.9168220804999996,281.99980690637443
mp-1245899,Co3SbN,0.0,0.125792423166672,237.72619434189303
mp-20679,Co3SnC,0.0,0.030779726,56.93732235691284
mp-1206910,CoAgF3,0.0,-1.627876753333333,66.1825258716729
mp-1206915,CoAgF3,0.0,-0.8396050513333335,84.24074112678909
mp-752700,CoAgO3,0.0,-0.3615603253333326,233.99424736183184
mp-753992,CoAgO3,0.0,-0.731104968333333,112.71986320984168
mp-1273356,CoAgO3,0.0,-0.7420117773333338,224.59738848804344
mp-1183686,CoAuO3,0.0,-0.2203948990000007,54.82851821037035
mp-757083,CoBO3,0.1471,-1.9606277758333328,119.6691120518733
mp-765572,CoBO3,1.0667,-1.937578791333333,231.93289533114293
mp-1183397,CoBO3,0.0,-0.910297726833334,37.75525238159948
mp-545522,CoBiO3,0.0,-1.458912713,55.77490557004568
mp-1188346,CoBiO3,0.3878000000000003,-1.3766839180000012,225.4877037010106
mp-21434,CoCO3,0.0,-1.665704252999999,92.16431121165972
mp-1181984,CoCO3,1.5474035927871794,-1.244202776000001,239.14484629654737
mp-22136,CoGeO3,0.0,-1.785913831000001,219.5386991722037
mp-550220,CoGeO3,1.6039,-1.7872653455000005,227.07110289681435
mp-1246547,CoMoN3,0.0,0.137504423999998,370.4612353639292
mp-1183772,CoMoO3,0.0,-1.047837765,63.216023109056
mp-1213745,CoNF3,0.0,-0.3854881940000005,53.490713935524425
mp-1178424,CoNiO3,0.0,-1.1366519479999997,87.35959763657713
mp-1272234,CoNiO3,0.7645,-1.1130342869999992,96.02910678797514
mp-1279343,CoNiO3,1.0203000000000002,-1.1362852369999998,94.7561740490661
mp-676437,CoPS3,0.0,-0.2886933420684528,189.7885598060116
mp-755569,CoPbO3,0.0,-1.1907656354999994,218.68003110633003
mp-770488,CoPbO3,0.0,-1.1774543637499997,443.8019890028436
mp-1178420,CoPbO3,0.0,-1.2802962794999992,254.2726563221419
mp-1183715,CoRhO3,0.0,-0.4432179509999997,59.037908071244885
mp-1183681,CoSbO3,0.2955999999999994,-1.0681121150000004,53.35947409333591
mp-22616,CoSeO3,1.852,-1.28132963696875,234.63049713342957
mp-562826,CoSeO3,2.6311,-1.31058676809375,1147.9956810076203
mp-699575,CoSiO3,2.6041,-2.45051476425,879.1468013139676
mp-752613,CoSnO3,0.9832,-1.7025703649999997,228.5001761928931
mp-761574,CoSnO3,0.0,-1.7440109039999996,236.2188751736575
mp-1183692,CoSnO3,0.0,-1.0950845979999997,52.426711210164086
mp-19113,CoTeO3,0.0,-1.4002619573333326,247.80538862775015
mp-985545,CoTeO3,0.0,-0.7339571163333339,53.98362278600855
mp-1247505,CoWN3,0.1728,0.0374430028750026,282.54399380165324
mp-1079324,Cr3AsC,0.0,-0.0714897704999998,113.97029003596668
mp-22209,Cr3AsN,0.0,-0.3377467984999995,112.86127740517576
mp-3000,Cr3GaN,0.0,-0.3037986104166663,56.14677696976979
mp-29804,Cr3GeC,0.0,-0.0592725330000007,112.8719910762228
mp-637918,Cr3GeN,0.0,-0.2800314037500016,113.9688752344887
mp-505628,Cr3IrN,0.0,-0.3575673637500017,58.49067323430664
mp-1078492,Cr3PC,0.0,-0.2434030049285709,105.76033828485518
mp-1080816,Cr3PN,0.0,-0.4892150542023785,105.57469057701653
mp-10373,Cr3PdN,0.0,-0.2588634857499954,56.62014018611297
mp-10374,Cr3PtN,0.0,-0.3018010537499975,59.93174878989092
mp-21244,Cr3RhN,0.0,-0.3122957170833302,55.71683709583436
mp-10376,Cr3SnN,0.0,-0.1738266254166632,61.01807711709627
mp-19299,CrBO3,0.0,-2.6201185768333333,86.63825814730751
mp-23456,CrBiO3,1.3450000000000006,-1.9814747040000011,248.44169502757876
mp-546027,CrBiO3,1.9845999999999997,-1.989452451,118.64886501255924
mp-559851,CrBiO3,1.7904999999999998,-1.9929548020000027,231.942668887704
mp-1181841,CrBiO3,0.0298,-0.0572127960000003,455.0453581219345
mp-1202206,CrCl3O,1.4763,-0.8352044442499995,1038.1553824116054
mp-1206044,CrCoBr3,0.0,-0.2058082810000002,258.1402917698158
mp-1205501,CrCoCl3,0.0,-0.4897081319999998,213.029918067453
mp-1183696,CrCuO3,0.0,-1.0242005949999993,50.60278799076263
mp-1206130,CrFe3N,0.0,0.1098252930000001,55.27629811449449
mp-1078458,CrFeO3,0.0,-2.0268508830000003,100.51694794704083
mp-1244876,CrFeO3,0.7842,-1.277711291999999,1143.7901287033228
mp-1244905,CrFeO3,0.0941999999999998,-1.606588738875,1005.423973600454
mp-1245072,CrFeO3,0.4785000000000003,-1.5894635243749988,1037.6192680790436
mp-1245144,CrFeO3,0.4407000000000001,-1.6290861442499989,1042.579330227886
mp-1245147,CrFeO3,0.4801999999999999,-1.5783995167499996,1022.7164718118642
mp-1245179,CrFeO3,0.4255,-1.6378232452499986,991.2331187854304
mp-1245204,CrFeO3,0.6733000000000002,-1.655266766749999,1027.2413532229396
mp-1245260,CrFeO3,0.387,-1.6293224272499998,1025.63001342778
mp-8829,CrGaSe3,0.0,-0.8617633184062499,482.7416734840412
mp-1183712,CrGeO3,0.0,-1.5471613519999998,52.451887167378345
mp-541449,CrGeTe3,0.0,-0.4195056219999927,296.951740117861
mp-28532,CrInBr3,0.0,-0.9732109118333334,617.0451077727013
mp-756147,CrInO3,1.4521000000000006,-2.129044673833333,221.0578738076804
mp-1226313,CrMoO3,0.0,-1.6484964329999996,60.32568395170272
mp-31703,CrOF3,2.1932,-2.2391305075000005,259.24760737498946
mp-1101069,CrPSe3,0.0,-0.544384630334821,233.48128344501612
mp-22364,CrPbO3,0.0,-1.7380031889999998,60.100719885198174
mp-1183719,CrRhO3,0.0,-0.7593999869999998,60.0951043992927
mp-9130,CrSbS3,0.0,-0.7856886109999998,416.3982854873654
mp-15236,CrSbSe3,0.0,-0.6863518204062494,482.6282120889446
mp-3779,CrSiTe3,0.0,-0.4389440719999989,293.2488053909239
mp-1183695,CrTcO3,0.0,-1.4003265600000006,58.98279651663666
mp-1226283,CrWO3,0.8865000000000001,-1.3887210449999998,113.260511943298
mp-505212,Cs3AuO,1.3230999999999995,-0.8661489167931045,378.5473320676773
mp-1205638,Cs3BrO,1.5608500221724246,-1.4407638007931047,379.5776741698312
mp-562420,Cs3ClO,1.6127999999999998,-1.485933290293105,697.2083077949837
mp-1206444,Cs3IO,2.0802000000000005,-1.3754177527931035,411.08229598899504
mp-1183923,CsAcO3,0.0,-2.1868162134310345,115.52101286493192
mp-998344,CsAgBr3,0.0,-1.237046035264368,165.98610336405272
mp-1399321,CsAgBr3,0.0,-1.237065829264368,165.98617894748145
mp-1946459,CsAgBr3,0.0,-1.2345676092643685,159.16633079233864
mp-28610,CsAgCl3,0.0,-1.444356486264366,278.6981311044577
mp-561920,CsAgF3,0.0,-2.126198402264367,174.82153892359406
mp-1189272,CsAlTe3,1.3087999999999995,-0.9055753444310326,828.4397309046539
mp-776093,CsAsO3,2.6306,-1.8886558909310325,380.39607043350026
mp-1178465,CsAsO3,2.195772529797249,-1.7881393334310354,219.9798195853576
mp-1183911,CsAsO3,0.0,-1.1260041084310353,67.69726825568856
mp-569548,CsAuBr3,0.653,-1.2188231839310348,349.55602409760155
mp-1112987,CsAuBr3,0.0,-1.165763424931035,163.8954261451431
mp-23026,CsAuCl3,0.0,-1.3408432859310349,141.1630216413004
mp-23484,CsAuCl3,0.8112,-1.4114866299310354,305.9137536017616
mp-1112985,CsAuF3,0.0,-1.9162074729310348,95.2985201030349
mp-28453,CsAuI3,0.7337,-0.9459095149310364,431.2946941860062
mp-1185548,CsAuO3,0.0,-0.4598051789310347,78.95204306569005
mp-567913,CsAuSe3,1.0546999999999995,-0.7727737493372814,330.10821328837363
mp-573358,CsBSe3,1.6408,-0.8540020896706182,593.0100300717643
mp-1096925,CsBaI3,3.9797,-1.922469316431036,1033.6136394682028
mp-1183934,CsBaO3,0.0,-1.3080421489310343,127.32547365151036
mp-12262,CsBeF3,6.6614,-3.4036504474310347,364.0706021130139
mp-1017555,CsBeF3,5.367100000000001,-2.741098141931034,65.71139997579614
mp-24341,CsBeH3,3.2298,-0.2042327966810354,221.48042743971288
mp-983578,CsBiO3,0.0,-1.3621858769310358,86.20837029442202
mp-28873,CsBrO3,4.1681,-1.0589733319310348,99.77612005813248
mp-30056,CsCaBr3,4.3923,-2.3040292589310347,186.03893347623887
mp-1096927,CsCaCl3,5.3456,-2.6395429019310344,163.02207990762005
mp-1097916,CsCaCl3,5.3457,-2.6398343919310348,159.04216959735567
mp-1206863,CsCaCl3,5.3043857296236885,-2.639946123931036,317.0413345134333
mp-7104,CsCaF3,6.9004,-3.718484556931034,92.37795928990892
mp-644203,CsCaH3,3.1408,-0.4952219569999997,98.68709087228876
mp-998333,CsCaI3,3.7149,-1.820201706931035,242.2223781078566
mp-998428,CsCaI3,3.6642,-1.841004388431032,901.9107359491212
mp-1213688,CsCaI3,3.9817861420713023,-1.8310032489310324,925.5257116270684
mp-2898987,CsCaI3,4.3729000000000005,-1.819434236931034,235.7857633299278
mp-984240,CsCaO3,0.0,-1.4831044389310342,102.8247443617045
mp-541899,CsCdBr3,2.901,-1.5854788839310363,351.63652167638946
mp-570231,CsCdBr3,0.6965999999999999,-1.5528036569310344,169.11875228033412
mp-568544,CsCdCl3,1.7417,-1.8285122415977024,145.8972327527039
mp-619015,CsCdCl3,3.216,-1.8311461975977017,896.7967669645179
mp-8399,CsCdF3,3.2804,-2.697262772931037,90.32609495079797
mp-1183925,CsCdO3,0.0,-0.6906371229310345,93.63968780473492
mp-754202,CsClO3,5.3807,-1.1475921009310348,211.65529271955867
mp-760386,CsClO3,5.465800000000001,-1.151051312931035,109.0794275572189
mp-779389,CsClO3,5.568203592306966,-1.1543210839310347,236.14650286890375
mp-504708,CsCoCl3,0.0,-1.5496142969310331,273.03319678961685
mp-556943,CsCoF3,0.0,-2.4956069395977014,247.2842984442605
mp-27179,CsCrBr3,0.0,-1.450127142931035,338.5828863435895
mp-29616,CsCrCl3,0.1532999999999997,-1.7574333229310342,287.08960140196143
mp-570326,CsCrCl3,0.0,-1.7455233929310343,292.36857412596044
mp-610955,CsCrCl3,0.0,-1.745204342931035,292.300434333001
mp-27259,CsCrI3,0.0,-1.0321629699310342,408.7614175727206
mp-580597,CsCrI3,0.0,-1.0347912084310344,823.9586842960284
mp-1172893,CsCrI3,0.0,-0.5380964614310344,1240.645099010199
mp-27336,CsCuBr3,0.3735999999999999,-1.2495016444310338,627.3825242091172
mp-23032,CsCuCl3,1.0131,-1.4868470082643694,835.3747005276382
mp-567366,CsCuCl3,0.0,-1.4543026759310351,279.17535054153336
mp-675287,CsCuCl3,0.0,-1.437624865931035,278.1043517809719
mp-2456411,CsCuCl3,0.5132000000000001,-1.4841016719310347,301.3253520050113
mp-1079040,CsDyBr3,0.0,-1.9255185712643672,368.3057089588313
mp-505418,CsDyI3,0.0,-1.4718860772643674,891.9634533119257
mp-638685,CsEuBr3,1.0355000000000003,-2.2918777749310357,808.6999868930995
mp-1068377,CsEuCl3,0.8369,-2.591759693931036,178.75229994418413
mp-1213256,CsEuCl3,0.0,-2.602297455931037,700.7294922288154
mp-8396,CsEuF3,0.0,-3.5790298779310348,108.52345886680294
mp-1185550,CsEuO3,0.0,-1.964967933931036,97.4962479003604
mp-1079847,CsFeBr3,0.3756999999999997,-1.2452906319310344,309.0984456395667
mp-29400,CsFeCl3,0.0,-1.6452707609310344,284.91422517930204
mp-555302,CsFeF3,3.4247,-2.740956928597701,510.4873134739285
mp-558694,CsFeF3,3.7835,-2.435077018931035,80.16167060494224
mp-2767575,CsFeF3,0.9185,-2.631734728333332,485.2663008532138
mp-562726,CsGaS3,2.4691,-0.9870333631875012,596.6264354825277
mp-510283,CsGaSe3,1.6866,-1.0702015753372838,668.8176749754033
mp-984082,CsGdO3,0.0,-2.2663363689310345,93.91437828700504
mp-570223,CsGeBr3,0.7484000000000002,-1.429876501931036,169.417801492696
mp-642739,CsGeBr3,1.4434000000000002,-1.446097583931035,191.7415934285745
mp-1068340,CsGeBr3,1.1965,-1.446721973931036,182.01469342992672
mp-22988,CsGeCl3,2.1558,-1.7102095289310353,162.92527551742106
mp-28377,CsGeI3,0.9905000000000002,-1.0696085939310365,225.06811678964056
mp-642690,CsGeI3,1.1901,-1.0609688199310348,234.1660355486009
mp-984051,CsGeO3,0.0,-1.282106945931035,67.14881807585644
mp-27718,CsHgBr3,0.0,-1.3069813334310358,184.7065638708021
mp-1194175,CsHgBr3,1.8887,-1.3451342660977053,1144.7397653926716
mp-29845,CsHgCl3,1.9882,-1.5530282557643722,1469.7441149643837
mp-570591,CsHgCl3,0.0,-1.5201878564310365,157.70837046504116
mp-675010,CsHgCl3,2.0663,-1.4736999084310365,365.3283072294821
mp-1197432,CsHgCl3,0.9505,-1.5349870664310363,1349.4681188741995
mp-1228834,CsHgCl3,0.0,-1.5190305764310363,157.4806110833571
mp-1546519,CsHgCl3,1.0764,-1.5458465566532584,1262.387517047571
mp-561947,CsHgF3,0.7167,-2.246411671431038,97.04743386104975
mp-28295,CsIO3,3.1020000000000003,-1.3727263769310425,203.89247464229047
mp-613384,CsIO3,0.0,0.5936944280689651,96.72356434542108
mp-998323,CsInBr3,0.0,-1.5272778502643676,192.51406065242796
mp-1112338,CsInBr3,1.3782043565395825,-1.546272448264368,382.1688493634601
mp-2649045,CsInBr3,0.0,-1.5218829312643678,184.33120029498255
mp-1112961,CsInCl3,1.7757115012201825,-1.813178206264364,334.5962553225378
mp-998322,CsInF3,0.0,-2.646421518264368,102.12922248166248
mp-1112960,CsInF3,3.0609122425859545,-2.7528301622643667,206.7003705766098
mp-998314,CsInI3,0.0,-1.1578162702643702,228.87480142183225
mp-998430,CsInI3,1.4545,-1.153630304764365,1195.919014503541
mp-1112643,CsInI3,0.7619999999999998,-1.1496394762643678,483.70608328452926
mp-2011167,CsInI3,0.0,-1.0796855625000006,228.38683484326796
mp-984356,CsIrO3,0.0,-1.0484203769310347,68.60262261525105
mp-984357,CsKO3,0.0,-0.4113304883810343,90.71143373223842
mp-1183918,CsLaO3,0.0,-2.224715933931035,108.21457999119708
mp-29750,CsMgBr3,4.0445,-1.973241884931035,329.7912236044661
mp-23004,CsMgCl3,5.126099999999999,-2.3137142609310333,284.72980335970163
mp-8401,CsMgF3,6.7028,-3.4155902619310345,76.89070343345318
mp-23751,CsMgH3,2.6161000000000003,-0.3180755966810357,249.5850962832938
mp-571020,CsMgH3,2.9047,-0.3210486846810355,519.1655843728438
mp-29751,CsMgI3,3.152841311191894,-1.488573451931037,419.4199024170925
mp-984756,CsMgO3,0.0,-1.320384183931035,79.08622793913015
mp-23048,CsMnBr3,0.0,-1.5677581255172413,331.4915425324251
mp-23336,CsMnCl3,1.4829,-1.855493320183908,422.315546166055
mp-558702,CsMnF3,3.4556,-2.987412474850575,505.0130043739792
mp-540609,CsMnI3,0.0,-1.1332083565172446,415.0625997810132
mp-1183917,CsMoO3,0.0,-1.7754282169310358,70.60272032171409
mp-22628,CsNO3,3.0919,-1.4101846517088148,173.52384983348455
mp-561851,CsNO3,3.897,-1.41455442526437,782.5278761941025
mp-1196533,CsNO3,3.2875,-1.3928811089310351,805.4727175306276
mp-998309,CsNaF3,0.0,-2.3904132132068967,95.9391770909648
mp-998609,CsNaF3,0.0175,-2.4027923422068964,395.2494812826105
mp-2029360,CsNaF3,0.0,-2.2882668320000006,88.21291123143885
mp-2031146,CsNaF3,0.9959,-2.3402710420000004,360.16317123292214
mp-1183929,CsNaO3,0.0,-0.2655372372068967,88.02284214895064
mp-27556,CsNbO3,3.319,-2.832048803681034,769.5758857758333
mp-1096944,CsNbO3,1.2761999999999998,-2.5807554569310347,72.55966476353424
mp-1183922,CsNdO3,0.0,-2.147413578431035,104.991989128862
mp-1080570,CsNiBr3,0.0,-1.296095052931037,310.3249116610712
mp-22950,CsNiCl3,0.8049000000000002,-1.5752465449310364,267.3322484164909
mp-505492,CsNiF3,5.1948,-2.597072304264368,253.07704732558184
mp-557772,CsNiF3,5.6234,-2.6044914959310344,172.8264126890776
mp-611601,CsNiF3,4.409,-2.509726875931035,259.15260821120165
mp-1194078,CsNiF3,0.0,-2.575881159597701,475.63212640576825
mp-1183933,CsNpO3,0.0,-2.9819022426810355,84.66489357279501
mp-1183914,CsOsO3,0.0,-1.3204458129310346,66.6889474096607
mp-1213226,CsPO3,6.1038,-2.6739822593596068,371.02901781186864
mp-1213232,CsPO3,5.6153,-2.660846251859609,396.8566391095077
mp-504838,CsPS3,1.9176,-0.833033696282736,315.3575746673914
mp-1183920,CsPaO3,2.8370999999999995,-3.457622890931036,86.93019019772653
mp-567629,CsPbBr3,2.0087,-1.6297852044310346,813.5305348019324
mp-567681,CsPbBr3,2.8824,-1.6343695914310346,769.2071757466882
mp-600089,CsPbBr3,1.7819000000000005,-1.6092965694310366,210.49949127443736
mp-1014168,CsPbBr3,1.8178,-1.6268859464310323,406.1413352248064
mp-1120725,CsPbBr3,2.2291,-1.6252925484310323,407.6294025266833
mp-23037,CsPbCl3,2.1878,-1.8739838829310331,183.23540813354208
mp-675022,CsPbCl3,2.3105,-1.8731550809310356,182.94648775297856
mp-675524,CsPbCl3,2.413,-1.8867617099310356,356.75074462602305
mp-1539667,CsPbCl3,2.6743,-1.8867979949310345,356.9651386649454
mp-5811,CsPbF3,2.9227,-2.7720774869310345,112.77738319130246
mp-20282,CsPbF3,3.3374,-2.781183703931033,220.02777346350848
mp-540839,CsPbI3,2.5181,-1.2632267449310368,930.846658290349
mp-1069538,CsPbI3,1.4788,-1.238177400931034,247.0988555291859
mp-1120768,CsPbI3,1.6364,-1.2474034279310342,1008.697799944696
mp-1185545,CsPbO3,0.0,-1.1217510169310343,89.94995765714654
mp-998306,CsPdBr3,0.0,-1.2356752629310344,151.6396774825951
mp-998307,CsPdBr3,0.0,-1.2357343149310345,147.1719038789495
mp-29882,CsPdCl3,1.6294,-1.480765451431035,636.5232181476741
mp-1147710,CsPdCl3,0.0,-1.438277079931034,129.8020118363025
mp-1207302,CsPdF3,0.0,-2.097795802931034,86.01514171656484
mp-1183913,CsPdO3,0.0,-0.687527662931035,74.07238969648931
mp-1183919,CsPrO3,0.0,-2.1217102472643683,107.50687043553488
mp-1213235,CsPtBr3,0.0,-1.0142118769310344,950.7269067461582
mp-2647156,CsPuO3,0.0,-2.8077188006810325,348.11346728457795
mp-1183926,CsRbO3,0.0,-0.4159585484310348,94.80428201626086
mp-1183971,CsRuO3,0.0,-1.267780486931035,67.44006663288721
mp-561681,CsSO3,5.1115,-2.072047674931036,402.87071972123016
mp-1068320,CsSO3,0.4386,-1.8846169144310343,119.75336236777552
mp-1185561,CsSbO3,0.0,-1.6144027389310345,73.8242428170085
mp-998308,CsScBr3,0.0,-1.9267409939310347,168.38626429989753
mp-998435,CsScBr3,0.0,-1.9405019484310344,675.3379230670437
mp-1213644,CsScBr3,0.2637999999999998,-2.0104502389310355,337.36449703658815
mp-27359,CsScCl3,0.0,-2.335237386931035,292.71577011847864
mp-1206489,CsScI3,0.2985999999999995,-1.5445554889310356,421.1573107932048
mp-998413,CsSeBr3,1.1982,-1.1162949893997849,427.335510388855
mp-998415,CsSeBr3,0.0,-1.119503245399785,172.34672724806651
mp-1944812,CsSeBr3,0.0,-0.8475140563124995,169.6803549003835
mp-2014596,CsSeBr3,1.833,-0.8859848233125007,388.5219371471383
mp-1147745,CsSiI3,0.8319999999999999,-0.9368107229310348,230.12230299940617
mp-570957,CsSiTe3,1.2613,-0.7204805374310354,808.531875100832
mp-1213166,CsSmBr3,0.0,-1.957200200431035,780.5992591576994
mp-567939,CsSmCl3,0.0,-2.286892602931035,166.35630620018523
mp-1205876,CsSmI3,0.0,-1.5283551929310348,457.4321549214504
mp-1184022,CsSmO3,0.0,-2.186409559931035,100.85670052802942
mp-27214,CsSnBr3,0.5984,-1.5608891319310367,199.07497852024176
mp-1247749,CsSnBr3,1.0107,-1.5720842714310372,783.0209314899195
mp-27394,CsSnCl3,2.9154,-1.8089876869310355,707.7549033566642
mp-1070375,CsSnCl3,0.9752999999999998,-1.786300865431036,172.32384914406742
mp-998298,CsSnF3,3.099,-2.752244161931034,117.74292902370954
mp-998457,CsSnF3,3.828085456040323,-2.765152890931033,227.8023762583887
mp-1105915,CsSnF3,3.773200000000001,-2.778719791431034,483.022706078646
mp-2758979,CsSnF3,4.1665,-2.6757415210000004,436.5237293895103
mp-27381,CsSnI3,2.0632626904348133,-1.1782869814310346,910.5575123531858
mp-568570,CsSnI3,0.6097000000000001,-1.1704771589310323,956.3187092803578
mp-614013,CsSnI3,0.4499999999999997,-1.1815363199310347,248.41075007279017
mp-616378,CsSnI3,0.5435000000000003,-1.169692325931038,477.1049992694422
mp-984745,CsSnO3,0.0,-1.5280533259310345,78.07496246650327
mp-561710,CsSnS3,1.6557000000000002,-0.8394699596875,322.2707978105111
mp-613162,CsSnSe3,1.0499000000000005,-0.9624206853372848,373.0807911753407
mp-1542038,CsSnSe3,1.1908842789593752,-0.9663746243372864,362.3350635303901
mp-998297,CsSrBr3,4.1683,-2.32588260693104,212.8528132518763
mp-998433,CsSrBr3,4.4089,-2.3451957399310404,397.1752980366084
mp-1213104,CsSrBr3,5.2656,-2.3474952629310395,823.8124854574991
mp-998561,CsSrCl3,5.287147678307368,-2.657633643931036,360.0128133440407
mp-1080233,CsSrCl3,4.9657,-2.646727671931035,182.76182731550747
mp-1213084,CsSrCl3,5.317915885612857,-2.661895627931034,712.4138479474693
mp-1213642,CsSrCl3,4.970000000000001,-2.6469179639310343,182.55680856735304
mp-1213645,CsSrCl3,5.012217644033273,-2.658942714931036,356.3685601129984
mp-8397,CsSrF3,6.1846,-3.668208918931036,108.0710349506573
mp-998417,CsSrI3,3.6132,-1.8592546229310345,270.812173687388
mp-1080232,CsSrI3,4.2962,-1.890947640931032,489.1695303322013
mp-1183972,CsSrO3,0.0,-1.381868886931035,119.7970554328997
mp-1185552,CsTaO3,1.8627,-2.7759975843977003,71.1719581712204
mp-1225870,CsTaS3,0.5164071412257751,-1.434806895897691,288.4055194292077
mp-685607,CsTaSe3,0.3512999999999999,-1.2664759528039482,636.3777257598773
mp-1225880,CsTaSe3,0.1215515584531321,-1.259885530803949,316.305763736236
mp-1228798,CsTaTe3,0.0,-0.8423460703976999,375.8899971409068
mp-1185551,CsTbO3,0.0,-2.246749296264368,96.95295739897536
mp-1183976,CsTeO3,0.0,-1.423787066264368,77.30795936087551
mp-9462,CsTeSe3,0.7398000000000002,-0.7501604921706182,727.4769215782544
mp-1183997,CsThO3,0.0,-2.9638298829310337,95.77858339239336
mp-22962,CsTiBr3,0.0,-1.7109803175977008,329.3500476380869
mp-28283,CsTiCl3,0.0,-2.0546846215977017,281.0166852432967
mp-567698,CsTiI3,0.0,-1.2629454575977,414.139399649564
mp-1183977,CsTiO3,0.0,-2.3587460775977016,69.27365160285488
mp-1080226,CsTlBr3,0.0,-1.441372555597703,202.0745303330752
mp-1112177,CsTlBr3,0.9985047740444736,-1.4420002115977042,400.0094090948631
mp-1950530,CsTlBr3,0.0,-1.2713989845000015,194.97176534290884
mp-1080231,CsTlCl3,0.0,-1.6519891265977027,173.7367636100523
mp-1112176,CsTlCl3,1.2584148670507165,-1.6783739715977024,348.56620284002724
mp-1395579,CsTlCl3,0.0,-1.6519066445977029,173.73670712399235
mp-998234,CsTlF3,0.0,-2.445936785597703,109.35558349863894
mp-998235,CsTlF3,0.0,-2.4464946935977023,110.35200315619932
mp-998240,CsTlF3,0.0,-1.6330500725977033,206.639093783082
mp-1078203,CsTlF3,2.1858244764135537,-2.5107587295977027,218.42703685232237
mp-2695837,CsTlF3,0.0,-2.447376325597703,109.88079513850572
mp-1112542,CsTlI3,0.4982999999999999,-1.0774401655977033,503.7605164840436
mp-1185544,CsTlO3,0.0,-0.7549294995977028,93.26801547114742
mp-1206103,CsTmBr3,0.0,-1.885503000931036,352.34364854809394
mp-579768,CsTmCl3,0.0,-2.225637793931036,149.90644647326462
mp-1207081,CsTmH3,0.0,-0.2608298145028754,88.22804230427565
mp-1213177,CsTmI3,0.0,-1.414454532931036,880.1065792769832
mp-2647024,CsUBr3,0.0,-1.4875308449310332,193.71287247911607
mp-865424,CsUO3,0.4493,-3.216834692931034,86.082677427204
mp-23038,CsVBr3,0.6539999999999999,-1.5827578839310383,326.19875647830327
mp-22977,CsVCl3,0.4773,-1.900130323931036,281.0246095963259
mp-22991,CsVI3,0.5943000000000005,-1.140282601931036,407.9054999130535
mp-504651,CsVO3,3.1105,-2.415557575431035,387.56219181813697
mp-568005,CsYbBr3,4.3382000000000005,-1.8053148135000012,168.33570037416135
mp-1070599,CsYbCl3,5.3325000000000005,-2.106338284499998,143.0481126399387
mp-8398,CsYbF3,7.0604,-3.2051721310000003,92.00332376115546
mp-1206323,CsYbH3,2.9265,-0.2591728902499994,86.88417518260496
mp-1185564,CsYbO3,0.0,-2.104876888250001,87.93403677090595
mp-1206517,Cu3PdN,0.0,0.0364694961428568,58.35368837448001
mp-1207194,Cu3RhN,0.0,0.2538030129999981,57.01185856899725
mp-1207091,Cu3RuN,0.0,0.5111324889999992,58.00397193792088
mp-1181705,Cu3SnAu,0.0,0.1042713974999998,322.5927214648762
mp-998414,CuAgF3,0.0,-1.5425162313333325,64.40539697285884
mp-998422,CuAgF3,0.0,-1.5646875543333336,120.99792184569246
mp-1188802,CuAgF3,0.0,-1.5600829988333325,256.9180760270113
mp-2763763,CuAgF3,1.2735,-1.5645383039999998,246.82588963962436
mp-776320,CuAsO3,0.0,-1.2587953634999998,109.0953559538195
mp-1178368,CuAsO3,0.0,-1.2752289075,142.25676785804905
mp-1184042,CuBO3,0.0,-0.6968538168333331,37.627671376176025
mp-1184051,CuBiO3,0.0,-1.0925230530000007,57.06920415385441
mp-27249,CuCO3,0.0,-1.297941310000001,58.39017677351736
mp-758727,CuCO3,0.0,-1.3097385039999994,561.5219370394954
mp-760536,CuCO3,0.0,-1.2994310513333347,185.5245816441246
mp-760595,CuCO3,0.1027,-1.3353465530000002,279.5531014730279
mp-1080068,CuCO3,0.0,-1.3090316120000005,141.79916399797747
mp-1178374,CuCO3,0.0,-1.3532376610000008,119.7354338574424
mp-1096939,CuGeI3,0.0912475895219695,-0.0361811409999997,360.9060677265738
mp-1096949,CuGeI3,0.6193000000000004,-0.2393767779999997,168.73725911026125
mp-2896844,CuGeI3,0.3233999999999999,-0.0430791344999988,193.28313908617943
mp-21344,CuGeO3,0.0,-1.590967304,128.8512423547678
mp-554624,CuGeO3,0.4475000000000002,-1.5986133451249998,1030.8101295727995
mp-554874,CuGeO3,0.0,-1.5304891675,212.5891751634234
mp-561216,CuGeO3,0.6776,-1.6023685334999995,512.8365640996581
mp-1181557,CuGeO3,0.0,-1.2872570160000003,155.68749930553776
mp-1181636,CuGeO3,0.2040999999999999,-1.5836942819999995,247.32104725819556
mp-1202570,CuGeO3,0.0,-1.598490092,1021.2219494029704
mp-1184044,CuHgO3,0.0,-0.3474481595000014,56.257612521104434
mp-1105578,CuNCl3,0.2529,0.4205146875000004,551.4477693987346
mp-1080799,CuNF3,0.0,-0.2458457859999995,58.76201311227689
mp-1017556,CuNi3N,0.0,-0.0277553037500013,50.7404251421085
mp-766856,CuPO3,0.8381999999999996,-1.9032548816785717,539.814837280916
mp-772192,CuPO3,1.5598999999999998,-1.9209386126785724,527.1976932446773
mp-772255,CuPO3,1.8792,-1.9813016345952383,516.1115298012884
mp-1105187,CuPS3,1.1555,-0.3012488787827393,420.37823665904114
mp-1096790,CuPbBr3,0.0,-0.5172767089999993,364.9918192233401
mp-1184117,CuPbO3,0.0,-0.9178313349999996,58.10400510519205
mp-1184073,CuPdO3,0.0,-0.0946589989999999,54.57419554411089
mp-28741,CuSe3Br,1.0376,-0.2526364734062483,524.0881839571858
mp-29450,CuSe3I,1.0589,-0.1688038634062498,872.8589664127392
mp-22414,CuSeO3,0.0,-1.06674009596875,246.169549747677
mp-22688,CuSeO3,0.2102000000000004,-1.082810891718751,509.7149483814589
mp-554440,CuSeO3,0.0215,-1.0842376152187505,537.1576229645312
mp-560049,CuSeO3,0.0,-1.0931400964687517,399.2858436886513
mp-16053,CuSiO3,0.1120000000000001,-2.2496160190000003,126.01771806237532
mp-556982,CuSiO3,0.0,-2.2726389246666674,481.177492394108
mp-4320,CuTeO3,0.0,-1.2293099765833333,595.1495623765578
mp-20977,CuTeO3,0.0,-1.214753712333333,254.4370002624723
mp-558696,CuTeO3,0.0,-1.2387397263333333,294.9782256150324
mp-29676,Dy3AlC,0.0,-0.5290145369999977,115.52496222301356
mp-1017557,Dy3AlN,0.0,-1.0877092487499993,107.23486581765528
mp-20922,Dy3GaC,0.0,1.042344111999995,148.94113867846457
mp-19881,Dy3InC,0.0,-0.6839341149999996,117.8765380389206
mp-31056,Dy3InN,0.0,-1.2032626767499948,110.04453130007028
mp-19818,Dy3PbC,0.0,-0.5313133199999968,117.14653225984434
mp-19899,Dy3SnC,0.0,-0.6201151049999979,115.55110070330096
mp-22513,Dy3TlC,0.0,1.464350566453345,176.8657953535348
mp-754936,DyAlO3,5.165,-3.7179850833333328,103.67050239510856
mp-756630,DyAlO3,5.7232,-3.745956005333333,202.3427100318284
mp-984723,DyAlO3,2.9483000000000006,-3.617029635333332,51.11631980728927
mp-1206856,DyB3Mo,0.0,-0.6645428375000023,114.72848072234213
mp-10792,DyBO3,5.0107,-3.4956056838333325,602.8154083542863
mp-12315,DyBO3,5.3637,-3.5240084066666646,220.0432487262976
mp-753318,DyBO3,4.5198,-3.4640023881666657,120.53706474895904
mp-10060,DyBPd3,0.0,-0.6601321862272783,80.5975518762924
mp-3183,DyBRh3,0.0,-0.7937018901666647,72.6679788320863
mp-1207000,DyBiO3,0.0,-1.6846652273333331,86.47783908075132
mp-22137,DyCoO3,1.1903999999999997,-2.6081910843333325,203.8572689897275
mp-19381,DyCrO3,2.5405999999999995,-3.2207403853333347,218.53793938887344
mp-1225651,DyCrS3,0.2275,-1.567029327333331,779.1694704678409
mp-1212865,DyCrSb3,0.0,-0.5253006158333321,477.8780837188696
mp-1212890,DyCrSe3,0.1166,-1.4368588442395829,424.9280463356147
mp-1183771,DyCuO3,0.0,-2.232829211333333,53.8174026175188
mp-772188,DyErO3,3.0896,-3.9468767316666646,452.1911364300293
mp-22283,DyFeO3,0.9134000000000002,-2.849742895333331,225.748611771436
mp-1225592,DyGa3Cu,0.0,-0.532060131,86.87249651596551
mp-1225640,DyGa3Ni,0.0,-0.5717869208333326,88.07296762082692
mp-1105019,DyGa3Ru,0.0,-0.5851521268333263,259.35033224299127
mp-755612,DyGaO3,3.644800000000001,-3.131620863333333,226.90885588842505
mp-769015,DyGaO3,2.8659,-3.1549295711666674,380.2910574408001
mp-1225852,DyGaSe3,0.0351778353072878,-1.2149219181874995,506.78423662336127
mp-768145,DyHoO3,3.0512,-3.926198935666664,455.5118362027295
mp-768149,DyInO3,1.9871,-2.995234780666668,420.1945036650193
mp-1178360,DyInO3,2.623,-2.9355236766666657,265.3557805952959
mp-1183823,DyInO3,1.5367000000000006,-2.3007933906666658,70.02291696360375
mp-756469,DyLuO3,4.634,-3.9891021426666655,271.54834506925243
mp-1232163,DyMgS3,0.2098999999999997,-1.5476667408333311,259.9485633842165
mp-1232195,DyMgS3,0.0,-1.6269430811666648,699.9495648052988
mp-1232192,DyMgSe3,0.0,-1.3772025902395826,587.665754474099
mp-1232257,DyMgSe3,0.0,-1.4972487304062492,799.4423552836778
mp-1238023,DyMgSe3,0.0,-1.4243380837395825,288.02905750474
mp-22103,DyMnO3,0.9994999999999998,-3.03514468741954,234.55679858536567
mp-542479,DyMnO3,1.1544,-3.0574472585862043,372.6490140346333
mp-1188804,DyMnO3,1.0173,-2.73365396741954,265.476147196803
mp-1087478,DyNiGe3,0.0,-0.5723474593333308,177.51308184843802
mp-19265,DyNiO3,0.0,-2.5010747988333337,209.45859694541636
mp-1183790,DyPaO3,0.0,-2.821412929333332,79.95281100327924
mp-15856,DyRh3C,0.0,-0.5025137193333308,71.35990971472211
mp-1183821,DyRhO3,0.0,-2.0121229253333324,61.17914549087616
mp-1212884,DyRhO3,0.8884318524889769,-2.581603258333331,227.48179478810232
mp-1206121,DyRu3C,0.0,-0.2122722513333357,70.68388009407856
mp-1207184,DySbO3,0.0,-1.8935230793333324,76.65860027562857
mp-1225550,DySbTe3,0.8479000000000001,-0.9906713623333318,172.08457561205267
mp-31120,DyScO3,4.4598,-3.961055700833332,250.40624850722796
mp-1184176,DyScS3,1.7736999999999994,-2.2762985466874994,425.3828748237168
mp-769393,DySeO3,1.7860999999999998,-2.525142906302083,618.5495841025352
mp-1070146,DySi3Ir,0.0,-0.7822208943333315,84.97159278687396
mp-1184153,DySnO3,0.0,-2.149717456333332,70.88038130870991
mp-779599,DyTiO3,0.0,-3.632248171,234.6608141181569
mp-752435,DyTmO3,4.5265,-3.9594972518333336,277.3965902475892
mp-22789,DyVO3,1.6567999999999996,-3.296628931333332,224.4936902037986
mp-1181506,DyVSb3,0.0,-0.6239021693333313,485.0564125197636
mp-768333,DyYO3,3.028,-3.882854416666666,460.54369843257217
mp-10038,Er3AlC,0.0,1.445732053000001,149.16412373447514
mp-568021,Er3AlC,0.0,-0.4309181769999995,110.95620736062972
mp-1017558,Er3AlN,0.0,-1.1044685877499971,102.9313683395319
mp-10274,Er3GaC,0.0,1.1870565755000015,144.9630018561145
mp-10275,Er3InC,0.0,1.610209525666668,169.45269521711592
mp-31058,Er3InN,0.0,-1.2093286257499982,105.85646487896057
mp-20430,Er3PbC,0.0,1.6554754570000014,178.01031634695946
mp-22537,Er3SnC,0.0,1.487178100000002,171.20599409098728
mp-21028,Er3TlC,0.0,1.630235514333333,172.49206030413646
mp-754184,ErAlO3,3.5604,-3.695549608,117.7313500695251
mp-756458,ErAlO3,5.803000000000001,-3.7633603204999977,199.38917785385337
mp-1184150,ErAlO3,3.0097000000000005,-3.5951221909999997,50.46677089518335
mp-5426,ErB3Mo,0.0,-0.639890588499999,113.02732547099706
mp-10791,ErBO3,5.131399999999999,-3.505053416166666,611.7684685111603
mp-760405,ErBO3,4.563000000000001,-3.4740759918333333,117.21055077696268
mp-1194043,ErBO3,5.634,-3.5672486228333327,317.461550106139
mp-10061,ErBPd3,0.0,-0.6995721767597075,79.76921708025137
mp-3769,ErBRh3,0.0,-0.8142960758333345,71.9368583489622
mp-1184148,ErBeO3,0.0,-2.887666327999999,43.630608873692886
mp-754636,ErBiO3,2.47,-2.797893476000001,156.5540484804322
mp-754943,ErBiO3,3.1148,-2.818545104,157.85021467352348
mp-562779,ErCoO3,1.4471000000000005,-2.6531272374999424,201.45109439388895
mp-1205515,ErCoSi3,0.0,-0.5966487149999999,162.48243991586335
mp-19063,ErCrO3,0.2483000000000004,-3.2365850730000005,214.9255426707957
mp-1184157,ErCuO3,0.0,-2.203922848999999,53.403026653845295
mp-19935,ErFeO3,1.5929000000000002,-2.8641381045000003,222.00710582040696
mp-1213036,ErGa3Os,0.0,-0.4854176084999968,256.3376578663605
mp-1103943,ErGa3Ru,0.0,-0.5840378551666665,255.6162178538704
mp-1184164,ErGaO3,2.9153,-2.8156167184999985,54.08900744606717
mp-1213082,ErGaO3,3.6631,-3.1476258005000006,223.6325630585219
mp-1213088,ErGaO3,3.6477,-3.184789955166667,360.1146356972316
mp-754208,ErInO3,2.5532,-2.9458162493333324,263.6689277873229
mp-772217,ErInO3,1.9560000000000004,-3.0102102490000022,411.7619876949493
mp-1184162,ErIrO3,0.0,-1.7692722929999996,62.230624822273896
mp-778151,ErLuO3,4.525,-3.999055284333333,268.38545271091147
mp-1232164,ErMgS3,0.0,-1.5105750974999983,251.4507872746821
mp-1232145,ErMgSe3,0.0,-1.3843765194062492,287.22705770763497
mp-1232210,ErMgSe3,0.0,-1.4991782317395832,785.1567335028349
mp-19217,ErMnO3,0.0,-3.082495226252873,364.2792410031499
mp-19319,ErMnO3,1.0455,-3.048090045586206,219.05849135196715
mp-1078854,ErNiGe3,0.0,-0.5523052889999989,179.65866912906583
mp-18983,ErNiO3,0.0,-2.5175578599999997,205.77977925513696
mp-1189736,ErNiO3,0.3726000000000002,-2.5159811529999985,213.8945756855631
mp-568727,ErRh3C,0.0,-0.5271918430000013,70.63939649788001
mp-1213022,ErRhO3,0.9643714818411082,-2.5966187300000056,223.42346421208663
mp-1206911,ErRu3C,0.0,-0.245143907000002,69.98312660578436
mp-1212985,ErScO3,4.417918120087519,-3.9720243295,246.3404099624588
mp-1190244,ErScS3,1.7554999999999996,-2.251652524104168,422.4982603816597
mp-2763526,ErScS3,2.152,-2.2563758443541677,419.7813341045847
mp-12386,ErSi3Ni,0.0,-0.681858158,159.21774320026535
mp-1225459,ErSiNi3,0.0,-0.6138366659999995,72.17062530617459
mp-1184204,ErTaO3,0.0,-2.784921232466666,65.10560203138375
mp-756296,ErTiO3,0.0,-3.644023935166667,231.137505183394
mp-1184219,ErTlO3,0.0,-1.9949436636666675,85.532955416
mp-19205,ErVO3,1.5838,-3.3105158775000008,220.50361904722976
mp-1184207,ErZnO3,0.0,-2.2850359989999998,56.07202994545843
mp-1069296,Eu3InO,0.0,-1.4530464473333324,128.98965140747632
mp-1077622,EuAgO3,0.0,-1.506662538333334,68.38646826734634
mp-1225249,EuAl3Si,0.0,-0.332916326000003,102.52771690227227
mp-21455,EuAlO3,0.0,-3.324379768500001,214.60824909909647
mp-973892,EuAlO3,0.0,-3.3154653480000014,53.50400309174233
mp-983564,EuAsO3,0.0,-2.2587949335000017,63.92572475193852
mp-1184383,EuAuO3,0.0,-1.4759387940000015,69.40281719206341
mp-22030,EuBO3,0.0,-3.0982992518333328,239.3371010637984
mp-1225223,EuBO3,0.0,-3.0584350998333343,128.79283262488732
mp-20040,EuBPd3,0.0,-0.5147731075000024,81.7620375729509
mp-510377,EuBRh3,0.0,-0.4637381588333341,75.46411296940764
mp-1184325,EuBeO3,0.0,-2.5654225350000006,48.33761733293479
mp-554518,EuCO3,0.4292999999999995,-2.6219654300000017,255.5541915816184
mp-1183878,EuCdO3,0.0,-1.675695014,72.1640053711473
mp-10690,EuCoGe3,0.0,-0.4512068750000025,90.66108411043238
mp-1075975,EuCoO3,0.0,-2.055794952000002,53.58753660007628
mp-1212757,EuCoO3,0.0,-2.2083055589999403,211.81646781083612
mp-754941,EuCrO3,0.0,-2.718079346000002,58.39386651041873
mp-1189762,EuCrO3,0.0,-2.795692883500003,223.9490845861657
mp-1075902,EuCuO3,0.0,-1.9776721720000008,56.00318956067427
mp-1338333,EuCuO3,0.0,-1.9733803895000013,281.0228491971972
mp-1225144,EuCuSi3,0.0,-0.2195593810000005,87.25106053541612
mp-1183905,EuErO3,0.0,-3.140364764000001,79.70974853734867
mp-504703,EuFeO3,0.0,-2.4267751580000025,239.5344445916085
mp-1011260,EuFeO3,0.0,-2.4132019020000017,119.22227858254996
mp-1075904,EuFeO3,0.0,-2.3586210260000016,57.74869900077947
mp-1225128,EuGa3Ag,0.0,-0.4689380300000039,101.66903805873172
mp-1225152,EuGa3Cu,0.0,-0.4117268415000111,93.7964119732952
mp-1078429,EuGa3Pd,0.0,-0.7145109630000007,195.1154877841586
mp-1206706,EuGaO3,0.0,-2.692836498500001,135.502516149272
mp-1212729,EuGaO3,0.0,-2.6835288545000013,236.15862870516224
mp-1068715,EuGe3Ir,0.0,-0.5954653640000018,101.35525791104978
mp-1068422,EuGe3Pd,0.0,-0.5810112079999982,100.73293533155751
mp-19763,EuGe3Pt,0.0,-0.6486200240000024,100.69158145656311
mp-1069658,EuGe3Rh,0.0,-0.668312320999999,97.91384627319636
mp-865181,EuGeO3,0.0,-2.6008537469999995,56.59182512686955
mp-581575,EuGeS3,0.0,-1.3593574088333356,758.0085476455868
mp-644246,EuH3Pd,0.0,-0.5908135382500006,54.48974997960509
mp-1078670,EuHO3,0.0,-1.734919808250001,115.10281361410436
mp-753781,EuHfO3,0.5973000000000006,-3.719666126000007,68.80440725408809
mp-1190059,EuHfS3,0.1287000000000002,-2.0856306971875,450.9171333105742
mp-1184359,EuHgO3,0.0,-1.4047725885000026,76.2428771504522
mp-1184304,EuInO3,0.0,-2.212943621333334,73.62807472763184
mp-1212795,EuInO3,0.0,-2.5014315443333337,279.6165782496858
mp-1212980,EuInO3,0.1827,-2.571072765333334,439.51987488208255
mp-1184445,EuIrO3,0.0,-1.8938883400000008,64.50455212341306
mp-1184309,EuLuO3,0.0,-3.2350259973333357,77.17786059059614
mp-1225137,EuMgGa3,0.0,-0.4192933745000005,105.5249245620656
mp-972931,EuMgO3,0.0,-2.5298189630000016,60.3603799640011
mp-20614,EuMnO3,0.0,-2.65277152808621,224.65083958060256
mp-1099619,EuMnO3,0.0,-2.603875429586208,58.27442452728268
mp-1184411,EuMoO3,0.0,-2.482626112,68.93214563075512
mp-755572,EuNbO3,0.0,-3.119947585000003,67.08132537327681
mp-1078341,EuNbO3,0.0,-3.143563456000004,131.97665110991449
mp-974769,EuNiGe3,0.0,-0.5220570760000023,92.055831062347
mp-20718,EuNiO3,0.0,-2.074794617000003,215.03561772695767
mp-977412,EuNiO3,0.0,-2.0033830260000025,54.54536765826052
mp-1213363,EuNpO3,0.2793000000000001,-3.4190965512500098,311.6587018232607
mp-977370,EuOsO3,0.0,-2.039850706000001,63.46142186546037
mp-20217,EuPS3,0.8436000000000003,-1.2886633367827387,468.058913402196
mp-20742,EuPSe3,0.4916999999999998,-1.1070341585327383,531.1167416469148
mp-1184348,EuPbO3,0.0,-1.9991665940000007,78.6682649547427
mp-1184369,EuPdO3,0.0,-1.7908372400000006,65.4166296222544
mp-976258,EuPtO3,0.0,-1.7432067900000014,67.25453921150796
mp-976320,EuReO3,0.0,-2.3526896485000024,64.0656384268225
mp-21076,EuRh3C,0.0,-0.2337203635000094,75.3151011865486
mp-19801,EuRhO3,0.0,-2.2058403285000026,238.5563003407988
mp-866036,EuRuO3,0.0,-2.160326880000001,63.26752854159861
mp-976284,EuSbO3,0.0,-2.3053806540000004,75.0801479185892
mp-22487,EuScO3,0.0,-3.525944883,261.33230177110755
mp-755177,EuSeO3,0.0865999999999997,-2.2508136534687515,148.47427375094398
mp-1069707,EuSi3Ir,0.0,-0.720938609000001,90.18536197722474
mp-1225162,EuSi3Ni,0.0,-0.5679609549999995,81.64154657979655
mp-1225221,EuSi3Ni,0.0,-0.439070627000001,83.7184122152712
mp-1068807,EuSi3Rh,0.0,-0.7309416099999992,87.63534432378637
mp-866030,EuSiO3,0.0,-3.0712552640000004,51.38487331369103
mp-862606,EuSnO3,0.0,-2.542926983000001,67.71753422187594
mp-1184447,EuTcO3,0.0,-2.423651901000001,62.47493265931672
mp-22246,EuTiO3,0.0,-3.5493837621666686,59.49625945750218
mp-1079111,EuTiO3,0.0,-3.558521973666669,118.31253652456536
mp-1178346,EuTmO3,0.0,-3.5341094680000027,287.91151356357466
mp-1184353,EuTmO3,0.0,-3.183594422000003,77.77437689449803
mp-1213318,EuUO3,0.0,-3.4801527695000005,313.7224264316142
mp-756315,EuVO3,0.0,-2.9466176890000058,56.99431798498433
mp-1178351,EuVO3,0.0,-2.9606587225000043,227.9156307793317
mp-1184400,EuWO3,0.0,-2.403138358000001,68.92906911488409
mp-1225768,EuZnIn3,0.0,-0.2820325069999995,131.30828114766007
mp-771055,EuZrO3,0.3877000000000006,-3.5468717,73.94695196343135
mp-1106293,EuZrO3,0.5096999999999996,-3.640190886500005,274.21787904044083
mp-1178354,EuZrO3,0.4662999999999995,-3.55579793725,585.7820910571171
mp-1189927,EuZrS3,0.1452999999999997,-2.081960253500001,453.9792656740195
mp-1106192,EuZrSe3,0.0,-1.8665288304374912,512.214193101151
mp-1212650,Fe3CoN,0.0,-0.054404036999999,49.64674626544322
mp-510381,Fe3NiN,0.0,1.784563397,78.99992117975385
mp-567703,Fe3NiN,0.0,-0.1263948809999988,53.75524893195147
mp-16334,Fe3PdN,0.0,-0.1973573669999979,57.07663224909501
mp-510382,Fe3PtN,0.0,1.9858353330000007,103.22388246464736
mp-579496,Fe3PtN,0.0,-0.2513298750000004,57.02610009663068
mp-580234,Fe3RhN,0.0,-0.1461060849999995,56.59814871105021
mp-1246554,Fe3SbN,0.0,-0.0004932399999987,115.84221736992532
mp-1212682,Fe3SiNi,0.0,-0.2575840720000002,228.09543514206135
mp-21850,Fe3SnC,0.0,0.0696768960000014,58.91695322406438
mp-1225284,Fe3SnSb,0.0,0.1154135350000018,82.88221856263685
mp-1184234,FeAgO3,0.0,-0.6950223973333329,57.61912852121193
mp-1184215,FeAsO3,0.0,-0.8859549385000008,54.84869713950589
mp-19097,FeBO3,1.4815999999999998,-2.270362331833334,90.18607292723622
mp-849295,FeBO3,0.5129999999999999,-2.167709906333333,235.1127234289172
mp-1199904,FeBO3,1.5127000000000002,-2.178420955583333,402.110928972674
mp-1274711,FeBO3,1.2934,-2.167883600833333,236.1817173685237
mp-22949,FeBiO3,1.8064,-1.640829873,133.6500252449514
mp-23501,FeBiO3,1.2984,-1.6727767810000005,125.36629858388716
mp-547069,FeBiO3,0.0,-1.4190965289999995,122.78943566765976
mp-548231,FeBiO3,0.0,-1.612286208999997,116.80742898715596
mp-551451,FeBiO3,1.6259,-1.2364821670000012,132.00542267882287
mp-555351,FeBiO3,0.0,-1.419020091,122.78943566765976
mp-645159,FeBiO3,1.5419999999999998,-1.6628035179999998,240.5996233544685
mp-654759,FeBiO3,1.1606,-1.0857876430000004,119.2804837913782
mp-655631,FeBiO3,1.7789,-1.2341320390000008,128.43770899214786
mp-1069079,FeBiO3,1.4269999999999996,-1.6475977900000005,137.34875639029534
mp-1181394,FeBiO3,0.1497999999999999,-1.4177700395,246.2916288206997
mp-1181635,FeBiO3,0.0,0.4285938209999997,110.06483901965456
mp-1181670,FeBiO3,0.7019000000000002,0.0236863609999993,517.8814859665492
mp-1181856,FeBiO3,1.4146,-1.2587248550000012,109.19388191578322
mp-1182718,FeBiO3,0.0,1.7392016169999998,2832.201859475577
mp-1193035,FeBiO3,1.6586,-1.6179980230000004,379.3144417492893
mp-18969,FeCO3,0.0,-1.7893422520000002,95.4533447182052
mp-675126,FeCO3,1.4102,-0.2716642710000002,114.26100286432916
mp-22334,FeGeO3,1.9617,-1.916730591000001,225.78413030477276
mp-1096837,FeGeS3,0.0356999999999994,-0.541913933499999,353.9585927417773
mp-1080474,FeNCl3,0.0,0.1632311229999999,225.69739659283852
mp-1212990,FeNCl3,0.0,0.1538671000000001,346.10486539244994
mp-768499,FeNiO3,0.5852999999999997,-1.2759201160000004,101.91843447621244
mp-1272388,FeNiO3,0.0,-1.280436607,101.26706381606004
mp-5864,FePS3,0.2059999999999999,-0.5508263004285702,413.33303440855656
mp-1232490,FePS3,0.5187999999999997,-0.5563011119285705,418.6342028677243
mp-2931287,FePS3,0.5072000000000001,-0.5570651709285699,448.2152559872241
mp-2928,FePSe3,0.2247000000000003,-0.4152141293348208,208.9631556740785
mp-973579,FePbO3,0.0,-1.3566859489999985,61.514987243627175
mp-973648,FeRhO3,0.0,-0.4669479150000001,53.58574568537138
mp-1184349,FeRhO3,0.0,-0.3641991150000009,59.247936856376974
mp-540655,FeSO3,2.7883,-1.6480844151666674,384.9725636587033
mp-18269,FeSiO3,1.4461999999999997,-2.574583753,233.0091479718051
mp-21939,FeSiO3,2.777780544039423,-2.5774877811249994,925.787299789366
mp-650392,FeSiO3,2.6645,-2.569731109777778,1045.1464962152727
mp-1199561,FeSiO3,0.7031016582286722,-2.5771062312499997,457.98957997841615
mp-2767577,FeSiO3,0.6124,-2.3306213067499995,220.6730567049612
mp-1178212,FeSnO3,0.8620000000000001,-1.858812262000002,235.9626720863631
mp-1178214,FeSnO3,0.989703830709586,-1.8236277275000008,233.75152028372537
mp-1207083,FeSnO3,0.0,-1.0816729480000007,65.24543243440456
mp-1078259,GaBO3,3.8639,-2.5297545263333348,85.93315290339086
mp-1184023,GaBO3,0.0,-1.1269486523333334,38.07755404786291
mp-22979,GaBiO3,1.2244000000000002,-1.7377947984999975,57.19787170815708
mp-558285,GaBiO3,1.8794000000000004,-1.963496821,278.0863765695177
mp-755568,GaBiO3,3.0263,-1.9143899185000008,125.04979164817884
mp-1096988,GaCuBr3,0.0,-0.4928185504999998,281.4849547225065
mp-1224901,GaFe3As,0.0,-0.1048159249999983,69.37238574850309
mp-1212637,GaFe3N,0.0,-0.224491906499999,51.842627422300296
mp-649086,GaFeO3,2.1045,-1.95225480425,436.720592442893
mp-861324,GaFeO3,0.0,2.6929159515,435.6250846546974
mp-868005,GaFeO3,2.1227000000000005,-1.9513754690000007,436.1442573479584
mp-1184032,GaFeO3,0.0,-1.0467840785,54.210064246236215
mp-1184033,GaFeO3,0.0,-1.0173397985,55.3622322858092
mp-1183980,GaGeO3,0.0,-1.4016229394999995,52.90533441225176
mp-1246681,GaMoN3,1.0894,-0.1782469159999991,344.5743964997929
mp-1224813,GaNi3As,0.0,-0.2684463330416832,66.10284344908179
mp-1206991,GaNi3C,0.0,-0.0654634014999984,53.82137968893875
mp-1224811,GaNi3Sb,0.0,-0.1362610645000018,73.2889782229094
mp-1183983,GaNiO3,0.0,-0.6507886505000002,49.48425946590661
mp-1017563,GaPt3C,0.0,0.3490512395000003,74.4267797077286
mp-1184206,GaSiO3,0.0,-2.046275904500001,45.74953767768221
mp-1184243,GaSnO3,0.0,-1.5175115354999995,58.05563839429101
mp-1184220,GaTeO3,0.0,-1.1937456438333336,58.734493651861776
mp-580539,Gd3AlC,0.0,-0.3868643199999951,120.58236033760726
mp-1069273,Gd3AlN,0.0,1.0163164307999977,164.75071694820474
mp-1207153,Gd3GaC,0.0,-0.4043419044999993,118.2372464467286
mp-20501,Gd3InC,0.0,1.457961374000007,181.35955695559784
mp-637378,Gd3InN,0.0,-1.0924943177499984,115.94831604042972
mp-19958,Gd3PbC,0.0,1.428971434916673,193.977141777736
mp-1207074,Gd3SnC,0.0,-0.6906250300000011,121.10208621393856
mp-1207135,Gd3TlC,0.0,-0.4964170920000015,122.64252723779084
mp-1076933,GdAl3Cu,0.0,-0.4807733799999994,91.15251225006766
mp-5223,GdAlO3,3.2932,-3.6904500495000008,207.0928219548664
mp-1178268,GdAlO3,1.8885,-3.613716829,52.11781860191401
mp-753953,GdAsO3,2.1834,-2.756159134500001,301.315102069506
mp-29762,GdBO3,2.095,-3.279609314833333,173.62184449890864
mp-561949,GdBO3,2.2691,-3.355493507833333,157.43763671055578
mp-1194303,GdBO3,4.7213,-3.4990303481666643,339.92516006133087
mp-1224628,GdBO3,0.1732,-3.4136493171666644,122.7630032855572
mp-20967,GdBPd3,0.0,-0.5967424729545542,79.81386569921659
mp-19840,GdBRh3,0.0,-0.7942275585000005,73.9014766854702
mp-1184468,GdBeO3,0.0,-2.8734107680000007,46.63279248900443
mp-1184471,GdCdO3,0.0,-1.8111461709999996,70.87709295487406
mp-20951,GdCoO3,0.0,-2.3294700129999995,54.93503924339065
mp-1069379,GdCoSi3,0.0,-0.6360015759999996,79.87957772570829
mp-18331,GdCrO3,2.6309,-3.1733041595,224.59516837845575
mp-1147577,GdCrO3,0.7847,-2.9386424270000004,58.03863768944233
mp-1184481,GdCuO3,0.0,-2.246362585,54.819729366320175
mp-766236,GdErO3,3.234,-3.9713494802499993,599.9677434621269
mp-1184486,GdErO3,0.3657000000000003,-3.241294056999999,76.28684769568456
mp-600576,GdFeO3,0.0,-2.7971732534999973,232.21112873567893
mp-1212456,GdGa3Os,0.0,-0.4846772005000152,264.7189449496295
mp-1104851,GdGa3Ru,0.0,-0.5821213224999989,264.296829612781
mp-18656,GdGaO3,3.45,-3.077733937500001,232.60547911276728
mp-1212640,GdInO3,2.3595,-2.9480398210000005,433.53891373129386
mp-1212778,GdInO3,2.5270116208736253,-2.895804028833333,273.14026095991534
mp-756424,GdLuO3,3.1346,-3.954000719333332,278.05624247754866
mp-510575,GdMnO3,0.0,-2.98195311758613,228.9926389386748
mp-1079303,GdNiGe3,0.0,-0.5844122679999998,184.9716943021961
mp-505604,GdNiO3,0.0,-2.4495963279999984,214.9801926295192
mp-20182,GdRh3C,0.0,-0.4997509319999977,72.49533719269476
mp-1184503,GdRhO3,0.0,-2.071613033000001,62.27826638278755
mp-5690,GdScO3,3.1888000000000005,-3.920327644499999,251.66745686793627
mp-510490,GdScS3,1.1773999999999996,-2.2627855106875017,431.9132118420603
mp-1069477,GdSi3Ir,0.0,-0.8128054280000014,87.15827308870581
mp-1184484,GdSiO3,0.0,-2.8824942950000008,51.90876675147047
mp-1184491,GdThO3,0.0,-3.137951190999999,96.63496616304798
mp-510278,GdTiO3,0.0,-3.617602678666666,239.23081017440825
mp-756030,GdTmO3,3.1590000000000003,-3.9248949510000015,282.1954832498212
mp-541177,GdVO3,1.4525999999999994,-3.252683904,229.68430934192185
mp-1184599,GdZrO3,0.0,-3.2801811349999994,72.1126937347448
mp-973738,GeBO3,0.0,-1.0106709258333333,39.55913595647476
mp-1184562,GeBiO3,0.0,-1.4462799780000004,61.53209907785566
mp-28369,GeH3Cl,4.766500000000001,-0.2971507587499999,169.9388811751938
mp-1188940,GeNCl3,1.1093,0.0783387574999999,706.4037953461383
mp-1224374,GeNCl3,0.4306999999999998,0.1790358659999995,270.4539634147818
mp-553898,GePbO3,2.6724,-1.9161179093333336,963.397868023716
mp-554699,GePbO3,2.699,-1.9292281529999975,513.9167066238759
mp-1017566,GePbO3,0.0,-1.7114722099999995,58.79294308872988
mp-aaaieitc,GePbO3,3.4086,-1.919441909999996,142.8644916199943
mp-624190,GePbS3,1.813,-0.7325704929999993,517.5790037198703
mp-1184557,GePdO3,0.0,-0.935923786,53.483516561437256
mp-541785,GePdS3,1.3441,-0.6512282284999997,228.1245165560433
mp-1224339,GeSbTe3,0.0,-0.3283610689999996,151.30348417268974
mp-1184641,GeTeO3,0.0,-1.014709907333333,59.40039549100962
mp-625509,H3BrO,4.4205000000000005,-0.9230439627500004,67.5445339160958
mp-625521,H3BrO,4.417,-0.9227109907500008,70.52512333192955
mp-1078197,H3CBr,4.5531,-0.2778898837500002,157.44848033962828
mp-1078233,H3CCl,5.572100000000001,-0.3720340917500003,127.36316446939564
mp-1096983,H3CI,4.288399999999999,-0.14793965275,3708.673502497096
mp-1181198,H3CI,3.3729,-0.1717789697500002,354.2619998637851
mp-554676,H3CS,3.7158,-0.1447067415892867,522.6989160266388
mp-559204,H3CS,3.5897,-0.1459033765892869,549.4531845690603
mp-1200055,H3CSe,2.5842,-0.1856690943437513,665.1266263613468
mp-34078,H3ClO,5.3899,-1.0189093417500004,59.790576428712185
mp-2802611,H3ClO,5.5012,-1.0247434877500006,68.97691918243432
mp-760361,H3NCl,2.6961,-0.4261179089999999,632.4700790610585
mp-1181751,H3NCl,0.8704000000000001,-0.2737036494999998,690.322630310663
mp-1200750,H3NCl,5.1822296793140605,-0.5776302627499994,495.1442076667122
mp-626534,H3NO,3.8407,-0.4416950157499997,157.00062103947695
mp-626542,H3NO,0.2865999999999999,-0.0031171092500002,233.57998817404152
mp-626543,H3NO,2.4233,-0.6034409672499997,235.2737462591897
mp-27714,H3OF,6.7458,-1.536225122750001,149.98630649159605
mp-23963,HIO3,3.2218,-0.8971710532500005,269.5166969553945
mp-556216,HIO3,3.0606,-0.8954015220000002,545.531883117361
mp-1199435,HNO3,4.2749,-0.887443396375,421.3961537077176
mp-1224772,HNO3,3.8158,-0.8903123615000006,843.7518856381166
mp-1004524,HPbI3,0.0,0.0379861687500003,243.46308866936585
mp-27669,HS3N,3.0889,0.0808367391640615,896.8356087271806
mp-696216,HS3N,2.7266,0.0799549224140619,843.345857981183
mp-706654,HS3N,2.8815,0.0795594020390609,1640.181766406574
mp-1079110,Hf3AlN,0.0,-1.08851671475,165.3030392802877
mp-1014252,Hf3ZnN,0.0,-1.0178687107500024,161.906974833195
mp-1184625,HfBO3,0.0,-2.0215414388333337,40.1803820086125
mp-1017578,HfBRh3,0.0,-0.8244594524999969,68.68237791650677
mp-1184563,HfBeO3,1.0495,-2.8870193779999997,40.64850377274624
mp-1017446,HfCdO3,0.0,-2.670019158999999,68.82568084657431
mp-1212404,HfCdO3,3.061,-2.935717661999999,247.38275372750388
mp-753534,HfCoO3,2.4865,-2.825757570999999,229.8166236890823
mp-756322,HfCrO3,1.5871000000000004,-3.1034593385,244.80676715117255
mp-753790,HfFeO3,2.1447000000000003,-2.9083017955000003,235.705452334387
mp-753856,HfFeO3,2.9099000000000004,-2.941841794000001,235.5895267984845
mp-1016841,HfHgO3,0.0,-2.3668584595000004,70.07409939156388
mp-1016825,HfMgO3,0.7745000000000002,-3.037705825999999,67.541266847953
mp-754657,HfMnO3,3.0438,-3.1717122975862053,239.8651885281712
mp-1178219,HfNiO3,2.7983,-2.802277456,216.2532277964268
mp-1184669,HfNpO3,0.0,-3.132554204750001,69.98673726680191
mp-22535,HfPbO3,2.4148999999999994,-2.9592388169999984,71.75693874710115
mp-22734,HfPbO3,2.716,-2.9904948392499984,557.2442267053383
mp-669414,HfPbO3,2.7897527148181007,-2.98700547075,581.4064880592096
mp-755790,HfPbO3,2.7562000000000006,-2.985043061999999,275.25833487806926
mp-1181854,HfPbO3,2.3889000000000005,-2.7219803779999987,615.0807367548509
mp-22147,HfPbS3,1.4517000000000002,-1.4555952129999952,482.24304886321227
mp-776083,HfSnO3,2.5523,-2.995080958999999,173.89666541206324
mp-8725,HfSnS3,1.1981000000000002,-1.287100282687501,492.4676860327046
mp-1184597,HfThO3,0.0,-3.1582038909999994,69.95265822570208
mp-1016819,HfZnO3,0.0,-2.4412174549999994,67.7504521495989
mp-558934,Hg3ClO,1.1735,-0.4736931678333375,1492.628054734609
mp-30284,HgAsO3,1.0543,-1.3621797599999994,157.81998171998964
mp-778408,HgBiO3,0.0,-1.092814734500002,154.79235641038505
mp-27994,HgBrO3,3.2015,-0.3950691150000004,350.4451666027446
mp-30937,HgClO3,3.0661,-0.462232587750001,781.0536097755594
mp-1017447,HgGeO3,0.0,-1.1727622385000012,55.7565400333358
mp-1224643,HgI3N,1.6452,0.5209971024999984,1162.2667668191662
mp-1016831,HgIrO3,0.0,-0.6086466195000014,62.425585703929045
mp-1069250,HgNCl3,0.0,0.5162673124999984,136.67487918840337
mp-542289,HgNO3,2.5687,-0.7476093455000005,611.8695774515091
mp-1197269,HgNO3,0.0,-0.526397144500002,950.1418551282242
mp-1016840,HgOsO3,0.0,-0.8511533195000013,61.84708243829101
mp-27178,HgPS3,1.763,-0.4852858309285736,236.62949411143137
mp-7293,HgPSe3,1.2066,-0.1815912715327385,536.7001893082713
mp-1016877,HgRhO3,0.0,-0.5760463775000012,62.60416052292464
mp-1016851,HgRuO3,0.0,-0.8271473795000013,61.36490393041002
mp-1200893,HgSN3,0.8006681845665718,1.361624961499999,891.6460729528106
mp-9228,HgSeO3,2.5571,-1.0485126309687538,305.0066542589892
mp-10798,HgSeO3,2.2452,-1.0436174954687552,316.2447154866612
mp-557224,HgSeO3,2.5822,-1.0477785449687538,319.5721479797144
mp-28318,HgTeO3,2.2362,-1.1692606383333335,315.1425652040373
mp-29677,Ho3AlC,0.0,-0.4005135779999932,113.2476509467386
mp-1017577,Ho3AlN,0.0,-1.098518032749999,105.12197771673038
mp-10279,Ho3GaC,0.0,1.197182022500003,146.73393054302568
mp-1200030,Ho3GaNi,0.0,-0.4381528023571401,1610.9746823401665
mp-10356,Ho3InC,0.0,1.61326020666667,171.86895102859154
mp-31057,Ho3InN,0.0,-1.06708523133333,108.00885060902124
mp-1206983,Ho3PbC,0.0,-0.5396987459999977,115.03632884060738
mp-7114,Ho3SnC,0.0,1.4815003670000038,173.6243766542969
mp-20978,Ho3TlC,0.0,1.634102379333335,173.64818641803348
mp-1224113,HoAl3Cu,0.0,-0.423917136999998,89.1118037709106
mp-4891,HoAlO3,5.8359,-3.7525506155,200.9767494622274
mp-1205558,HoB3Mo,0.0,-0.6252575284999977,113.8953932441835
mp-752713,HoBO3,5.4365,-3.557053922833332,321.8398383288317
mp-753056,HoBO3,4.5465,-3.4678201588333315,118.51798572341876
mp-754409,HoBO3,5.089799999999999,-3.5305515998333328,119.955862864517
mp-780393,HoBO3,5.0472,-3.4979439851666654,620.0271110640851
mp-850193,HoBO3,5.367,-3.524040383833332,223.983121981949
mp-1184546,HoBO3,2.6416000000000004,-2.685989057833333,41.8843783630594
mp-3693,HoBPd3,0.0,-0.6954327271881766,80.1853211410746
mp-3710,HoBRh3,0.0,-0.8021351968333306,72.29709375236472
mp-1184610,HoBeO3,0.0,-2.8888941549999982,45.22311094458824
mp-754300,HoBiO3,2.4778999999999995,-2.784963122,157.1470142482774
mp-770830,HoBiO3,2.7472,-2.798783189499999,303.2576792205497
mp-1178162,HoBiO3,3.1343,-2.8029883289999997,157.65844353190255
mp-1223843,HoBiTe3,1.0659,-0.944720148249985,176.99206743063942
mp-20570,HoCoO3,1.1622,-2.6311968509999963,203.43872145083407
mp-1188609,HoCoO3,0.1620000000000001,-2.210788985499999,268.29687484690714
mp-756834,HoCrO3,2.3515999999999995,-3.2267283235000006,216.86995599622568
mp-1184736,HoCuO3,0.0,-2.2142730239999984,53.37861048446102
mp-770415,HoErO3,3.077500000000001,-3.949382928666665,446.6035317168509
mp-1184778,HoErO3,1.4474,-3.133445371999998,76.57044471496806
mp-19785,HoFeO3,1.5034,-2.855059119499998,223.93725501008691
mp-1212057,HoGa3Os,0.0,-0.4826991228333308,258.1073336608895
mp-1104547,HoGa3Ru,0.0,-0.5832111921666666,257.5005469793369
mp-755416,HoGaO3,3.6066,-3.137672760999999,225.6080378581869
mp-769045,HoGaO3,2.8722,-3.1683676988333342,364.4017489772161
mp-982558,HoGeO3,0.0,-2.3527581809999987,59.54392016968279
mp-768267,HoInO3,1.9681,-3.001009271999999,415.9933087835674
mp-776984,HoInO3,2.5765,-2.939101061833332,265.1425363558653
mp-770472,HoLuO3,4.5867,-3.993262638833333,269.3724731094624
mp-1232139,HoMgS3,0.0,-1.5064760864999982,252.61578467861932
mp-1232153,HoMgS3,0.0,-1.6293451788333309,689.2990172597547
mp-1232140,HoMgSe3,0.0,-1.3840985854062489,287.6378925393125
mp-1232172,HoMgSe3,0.0,-1.500064634739582,792.6828548576237
mp-19056,HoMnO3,1.543,-3.068283038252873,368.5049195231798
mp-22081,HoMnO3,1.9915000000000005,-3.039683969586206,232.6493802962633
mp-1181443,HoMnO3,1.0638,-2.756588296086206,263.68763077104825
mp-1193069,HoMnO3,0.4942000000000002,-2.7523762995862056,382.6825028512317
mp-2899517,HoMnO3,0.3765999999999998,-3.0684990675862074,368.7595580414855
mp-1079921,HoNiGe3,0.0,-0.56144398,176.4947886812295
mp-18974,HoNiO3,0.0,-2.507236384,207.6097341109976
mp-22664,HoRh3C,0.0,-0.5130912499999993,71.03659392846342
mp-1184833,HoRhO3,0.0,-1.9866969379999984,61.043607647563775
mp-1212108,HoRhO3,0.9606739563708188,-2.587439952000004,225.4575253306886
mp-1206820,HoRu3C,0.0,-0.226877309999999,70.34723407204834
mp-1207180,HoSbO3,0.0,-1.8637123139999976,76.56503528121013
mp-31121,HoScO3,4.476,-3.965070403,248.61433611579344
mp-1189393,HoScS3,1.7663000000000002,-2.261122011270831,424.8585469564187
mp-2755772,HoScS3,2.1681,-2.2666743891874974,422.4745821408933
mp-1069461,HoSi3Ir,0.0,-0.7706468649999998,84.53909359239958
mp-1184813,HoSiO3,0.0,-2.7836555039999986,51.048295860736005
mp-973977,HoSnO3,0.0,-2.1318089729999983,82.41714412638174
mp-755236,HoTiO3,0.0,-3.6356156661666654,232.76506970381192
mp-1178178,HoTmO3,4.504248901634548,-3.962808583,274.6226952689403
mp-1224261,HoUTe3,0.0,-1.2442696894999985,611.4591174249016
mp-19024,HoVO3,0.0,-3.301341118499998,222.6308365086166
mp-1021667,IClO3,0.0,0.0418965979999995,71.05686828778931
mp-754661,INO3,1.6497000000000002,-0.5867303305,389.9041599687847
mp-1181075,INO3,0.0,-0.2432976100000004,406.0035839279748
mp-559377,IOF3,3.637,-1.6465725289999995,305.2507904627409
mp-1184913,InAsO3,0.0,-1.1947676938333331,60.84657034167246
mp-7027,InBO3,2.6556,-2.4585918211666677,105.35335310154868
mp-545379,InBiO3,0.0451999999999994,-1.321871238333334,72.65678089350268
mp-556892,InBiO3,2.7352000000000007,-1.7889542243333338,291.07493270155646
mp-561102,InBiO3,2.388399999999999,-1.7779738328333337,283.9517915160877
mp-1078776,InBiS3,1.3955159912843578,-0.5640077746874994,254.96692474459127
mp-1223842,InBiSe3,0.8233999999999999,-0.5350043067708355,146.7082456838383
mp-1068786,InCo3N,0.0,-0.0245548897499986,56.0544255431201
mp-755167,InCoO3,0.0,-1.5330989743333323,202.4509888295771
mp-975443,InCuO3,0.0,-0.9059883023333328,54.3254369445951
mp-1224030,InCuO3,0.0,-1.3717800063333327,58.73804230981655
mp-617426,InFeBr3,0.0,-0.7270859153333327,523.7674680696949
mp-21094,InFeO3,1.2135999999999996,-1.8030960023333336,123.56429457364852
mp-8098,InGaO3,1.3285999999999998,-2.1295270908333337,115.84663498527046
mp-19885,InGaS3,1.6713999999999998,-0.7629596413541677,234.95748088707
mp-504951,InGaS3,2.6623,-0.7801380756875005,718.6195971699804
mp-1224212,InGaS3,0.0451999999999999,-0.7041277099541662,609.2148727942556
mp-1224507,InGaS3,0.0,-0.4816321433541674,253.32581814116185
mp-504952,InGaSe3,1.3193027385274878,-0.7055558967708332,819.5928046815503
mp-998233,InGeCl3,2.2217,-1.1767100283333325,173.3398215635561
mp-998569,InGeCl3,3.268773626179953,-1.186653373333333,343.0649497460598
mp-2764220,InGeCl3,3.8804,-0.8544667564999997,310.00269897019285
mp-1070713,InNi3N,0.0,-0.142051175749998,56.61672131196684
mp-1223697,InNi3Sb,0.0,-0.1240552093333292,79.11076335560023
mp-1184799,InOsO3,0.0,-1.1343843523333326,62.72537273464162
mp-675295,InPF3,1.2253000000000005,-1.6242771192619043,123.86473498463428
mp-998512,InPbCl3,2.5322,-1.383731084333333,307.7701151491672
mp-998535,InPbCl3,2.9011,-1.3655928993333322,190.93686574017812
mp-2763667,InPbCl3,3.9976,-1.3650000693333355,183.9847139312805
mp-20796,InPt3C,0.0,0.1870645545000115,77.23181943025375
mp-1184773,InPtO3,0.0,-0.7337438603333325,65.44390862037989
mp-1105819,InRhO3,0.3223000000000002,-1.4716458168333333,231.0110061819039
mp-1203220,InRhO3,1.039908569021823,-1.5049412010833336,459.51381584522665
mp-1212207,InRhO3,0.000678083706318,-1.211146256833333,243.5088033329128
mp-1184765,InSbO3,0.0,-1.4147006043333328,69.2358588741692
mp-21365,InSbS3,1.4796000000000005,-0.5221759056875015,490.59485125450334
mp-1212011,InSbSe3,1.1020000000000003,-0.478412326020836,576.0683830272766
mp-1184751,InSiO3,0.0,-2.062533560333333,49.14932005240002
mp-567931,InSiTe3,0.4615,-0.3061957860000007,328.8118261873687
mp-574250,InSiTe3,0.0,0.042583879,245.69740963954564
mp-685272,InSnBr3,1.8471,-1.0342468507083324,2649.6546772093625
mp-998398,InSnBr3,1.0975,-1.047631763333333,210.5433445485441
mp-998555,InSnBr3,1.7591923284557722,-1.0579043933333332,376.94058456499806
mp-1224379,InSnBr3,1.5767000000000002,-1.0148036200833332,1271.902423816932
mp-2762335,InSnBr3,1.7073,-0.7587108385000022,212.3532139539347
mp-998560,InSnCl3,2.0788,-1.282238966333333,185.53527824765155
mp-998567,InSnCl3,3.0434246480759417,-1.3023360933333326,369.2800600308455
mp-1224255,InSnCl3,1.8708,-1.2549535273333323,1116.478354062945
mp-2040113,InSnCl3,3.3641,-0.992359691499999,325.07004803092417
mp-9200,K3AuO,0.5612,-0.879719693349999,142.59546003697025
mp-28166,K3BrO,0.8913,-1.457412306350001,139.8196942845503
mp-1070737,K3CO,0.2934,0.2024754976500005,143.1428310364701
mp-572291,K3ClO,1.0648,-1.516231263849999,535.7181537332247
mp-673798,K3ClO,1.0264,-1.5091499223500002,267.1443431287701
mp-1223812,K3ClO,0.9897,-1.49862499535,135.987919057064
mp-28171,K3IO,1.0284000000000002,-1.37004630035,148.3913038780024
mp-675156,K3NO,0.0,-0.1141633527499999,699.6469812536895
mp-1211900,K3SI,1.0356,-1.2298972198499991,1393.4514531422635
mp-2912506,K3SI,1.3709,-1.2821004719791669,1419.486799579754
mp-1185008,KAcO3,0.0,-2.21263281495,100.80951668519734
mp-998553,KAgBr3,0.0,-1.1788725997833325,300.45017184056644
mp-998568,KAgBr3,0.0,-1.1709436837833322,152.96654600988356
mp-998554,KAgCl3,0.0,-1.3884897487833334,129.4958265087279
mp-998750,KAgCl3,0.0,-1.3903856007833333,255.93481633267663
mp-2464440,KAgCl3,0.0,-1.3865898997833326,134.87911836873917
mp-13819,KAgF3,0.0,-2.106958290783332,80.24753755772119
mp-1205357,KAgF3,0.0,-2.113199610783332,315.2824008707714
mp-976229,KAgO3,0.0,-0.4907542627833329,73.698716327076
mp-1097006,KAlH3,0.0,-0.0819735356666655,63.124804004285735
mp-1184936,KAlO3,0.0,-2.0563924944499994,57.826543420211806
mp-1105278,KAsO3,4.0527,-1.9282264012,351.1743477497046
mp-1184937,KAsO3,0.0,-1.50957156395,56.77687739940846
mp-1192552,KAsO3,3.1488,-1.9336695518666664,525.9776900948693
mp-1194970,KAsO3,3.9895,-1.938935410949999,642.3945321837153
mp-1195114,KAsO3,4.056900000000001,-1.9360510582000003,2092.85185185622
mp-1112174,KAuBr3,0.0,-1.1035362144499998,158.63720916259328
mp-1110854,KAuCl3,0.0,-1.2918640174499998,135.6759101875909
mp-1111868,KAuF3,0.0,-1.8846379104499995,90.180581563584
mp-31045,KAuI3,0.6459,-0.8868143234500007,804.8974507267882
mp-1184942,KAuO3,0.0,-0.5509545864499998,71.87610219949094
mp-1223538,KBaN3,0.0,1.3627045015499994,609.312468652378
mp-973447,KBaO3,0.0,-1.2424916324500004,126.03265569426269
mp-1211678,KBeF3,8.0598,-3.4048902894500004,289.14423988007974
mp-974757,KBeH3,3.0876,-0.1975410671999999,328.1042855997409
mp-973396,KBeO3,0.0,-1.19330633545,53.64977433795312
mp-29799,KBiO3,0.4914,-1.5725850759500029,1020.0944985470918
mp-676536,KBiO3,0.1861999999999999,-1.5417130235611118,1606.2497196394145
mp-863367,KBiO3,0.4905999999999999,-1.5631335049500032,512.6270580799318
mp-982040,KBiO3,0.0,-1.4797163924500003,78.63401066432932
mp-22958,KBrO3,3.8569,-1.0446346494499998,83.95967616702733
mp-31302,KCO3,4.1733,-1.735766983450001,644.8000084546517
mp-1105868,KCO3,0.0954000000000001,-1.7986542039500002,323.2987632266502
mp-1106094,KCO3,0.8728999999999998,-1.81048864895,350.45565477951186
mp-1545211,KCO3,1.499,-1.4677937169999993,326.97490888915945
mp-1545405,KCO3,1.4884999999999995,-1.4798277354999982,329.3538354723892
mp-3346520,KCO3,1.2657000000000005,-1.4710544784999982,300.7664491449145
mp-998599,KCaBr3,4.4047,-2.2694195684500014,324.2537852699501
mp-998749,KCaBr3,3.8983,-2.21486920245,187.1315837363699
mp-1211648,KCaBr3,4.578011511545886,-2.263987168950001,671.3702189186729
mp-998421,KCaCl3,5.616299259674404,-2.58862612545,310.68155861108005
mp-998601,KCaCl3,4.7457,-2.561116213449999,158.08478525203168
mp-1211589,KCaCl3,4.7635,-2.561049237449999,156.89807138304974
mp-1211643,KCaCl3,6.384,-2.60678239195,572.3463649065128
mp-4950,KCaF3,6.1392,-3.69500302245,90.01935657512333
mp-5926,KCaF3,6.6502,-3.7188673069499982,332.23397730054904
mp-643749,KCaF3,6.5983,-3.71684056995,346.4864821349556
mp-1105914,KCaH3,3.3241,-0.4792099780000001,356.48780527248573
mp-1205722,KCaI3,4.0545,-1.7931168794500016,408.3048074953539
mp-982885,KCaO3,0.0,-1.47094156645,95.36093697143248
mp-23442,KCdCl3,3.514,-1.809191147449998,519.0218184985106
mp-9628,KCdF3,3.3539,-2.7005607694500013,324.8629473973984
mp-10175,KCdF3,3.0933,-2.674983754449999,84.14795913800039
mp-1211584,KCdN3,0.0,1.813038764173075,95.26040725410972
mp-1184992,KCdO3,0.0,-0.7239852104499995,81.73842379384307
mp-23022,KClO3,5.4717,-1.14873093745,185.02780731565468
mp-550506,KClO3,5.2294,-1.1376679264500005,89.1498594092199
mp-556084,KClO3,5.5725,-1.1487544349500003,370.2079746001091
mp-1001793,KCoCl3,0.0,-1.4271026934499995,234.1901016569457
mp-559946,KCoF3,0.0,-2.4418596264500003,69.18634945992444
mp-1184947,KCoO3,0.0,-1.0215740844499996,58.13916092561977
mp-998397,KCrCl3,0.0,-1.7294629554499998,244.75224917350155
mp-998420,KCrCl3,0.0,-1.7266418934499996,123.17031129372424
mp-2764005,KCrCl3,0.0,-1.6816675772499992,239.2622351392364
mp-555036,KCrF3,0.0,-2.84121987445,75.13200290455114
mp-556365,KCrF3,1.4898000000000002,-2.92773764245,143.85218425808222
mp-560547,KCrF3,1.968,-2.9241327784499997,143.9373720095832
mp-566131,KCrF3,1.1574000000000004,-2.90092439445,77.09583164614405
mp-1180767,KCrF3,1.5720000000000005,-2.9255569054499992,144.81653079525373
mp-1180782,KCrF3,0.1573999999999999,-2.9257114034499985,144.40926392615722
mp-1076732,KCrO3,0.0,-1.67160806845,57.72427493335193
mp-27450,KCuCl3,0.2548,-1.4588930594500007,483.2891413171882
mp-636978,KCuCl3,0.0684,-1.4369486904499993,672.1848188118263
mp-1023129,KCuCl3,0.0,-1.428135762450001,110.45741002736315
mp-3682,KCuF3,0.0,-2.35362652845,135.10356227752663
mp-5566,KCuF3,0.0,-2.35381562045,127.64948446306605
mp-556045,KCuF3,0.0,-2.22229931545,194.379792220748
mp-669347,KCuF3,0.0,-2.35601416845,132.2511341125257
mp-1080828,KCuF3,0.0,-2.35060409545,131.74277485354102
mp-1147650,KCuH3,0.0,-0.0693242849999997,116.90322189038244
mp-1223513,KCuS3,0.0,-0.4433223059499987,109.3156406954625
mp-1211599,KDyBr3,0.0,-1.8621306982833328,682.280243482244
mp-1206220,KDyI3,0.0,-1.4495373177833326,399.10863379932886
mp-1184954,KDyO3,0.0,-2.289703654783333,89.23312572862054
mp-973830,KErO3,0.0,-2.3254218584499986,86.7329373460614
mp-23348,KFeBr3,0.0763,-1.27076816645,584.0146847215037
mp-23538,KFeCl3,0.5979000000000001,-1.57458181395,492.9694099949901
mp-556891,KFeF3,0.0,-2.50341857245,72.26732624504928
mp-1247740,KFeI3,0.1892,-0.7365428839499998,648.1500424921121
mp-1097023,KFeO3,0.5258095657221143,-1.2698623734500003,380.6895919360882
mp-1184987,KGdO3,0.0,-2.3169447904500005,88.77383613989274
mp-998412,KGeBr3,0.9083,-1.3619608534499996,175.64051665487327
mp-998612,KGeBr3,2.9026,-1.3871920214500029,342.7646286889748
mp-998231,KGeCl3,1.4859,-1.62745762845,153.00083795544327
mp-998613,KGeCl3,2.893020835482666,-1.6556805214500017,313.5309319788258
mp-998227,KHfO3,0.0,-2.94322951645,72.92743889412984
mp-7483,KHgF3,0.6082000000000001,-2.198120604950001,371.8041543165061
mp-725939,KHgI3,1.7116,-0.9918529454500014,990.7947502318428
mp-1184944,KHoO3,0.0,-2.306167295449999,88.02337641990908
mp-23487,KIO3,2.7868000000000004,-1.366622997449999,350.6688937400874
mp-552729,KIO3,2.5779,-1.359852848949999,87.36269032913107
mp-558843,KIO3,0.0,-1.16837982945,74.10191883154758
mp-1080058,KIO3,2.8548,-1.3652180969499987,175.49877238480562
mp-1180816,KIO3,2.8130000000000006,-1.3562176074499994,373.6037696597722
mp-1200675,KIO3,2.8533,-1.3655592104499994,704.0856635733552
mp-1223446,KIO3,2.5295,-1.36045994945,92.38239400710272
mp-2762888,KIO3,3.5428000000000006,-1.3618115084499998,350.7761625367812
mp-28529,KInBr3,2.3376,-1.5194881712833337,697.2808897524967
mp-1110931,KInBr3,0.8797156481034303,-1.4216980907833343,371.6393352269377
mp-1112170,KInCl3,1.597115636649624,-1.7228043767833328,336.82650816696275
mp-1112296,KInF3,2.2085,-2.6984332317833326,203.3392813139331
mp-1112169,KInI3,0.6694999999999998,-1.049556661783333,468.8916111532888
mp-974734,KInO3,0.0,-1.2747367377833327,79.97569649952503
mp-639811,KIrO3,0.0,-1.5098783237833335,853.9289617818224
mp-1184939,KLiO3,0.0,-0.7497748291166666,66.36897884792486
mp-1184941,KLuO3,0.0,-2.3790965277833336,83.77670255820917
mp-27865,KMgCl3,4.4851,-2.25050180195,482.7150586764984
mp-3448,KMgF3,6.9537,-3.5357901234500004,62.97202846293481
mp-23737,KMgH3,2.458,-0.3456561272000005,63.4304022052392
mp-1017580,KMgH3,0.0,0.7029927288000003,87.28447768517216
mp-1184960,KMgO3,0.0,-1.43925509345,70.32747214842628
mp-29636,KMnBr3,1.7859999999999998,-1.5074982345362071,576.4457502066115
mp-23049,KMnCl3,0.0,-1.8024409480362085,494.00859926140015
mp-567530,KMnCl3,0.0,-1.814244070536208,488.391654678082
mp-555123,KMnF3,2.6628000000000003,-3.013956821036205,73.17514769812144
mp-555359,KMnF3,2.1006,-3.015423657036206,145.31715903321003
mp-558046,KMnF3,3.2062,-3.015295228536206,290.87827856162966
mp-560382,KMnF3,2.6774,-3.014743655036206,292.38735855159945
mp-644332,KMnF3,2.6922,-3.013633952536208,310.3843299606014
mp-1180746,KMnF3,1.7405,-3.0140637970362065,146.038551017863
mp-1180807,KMnF3,3.3591017975775834,-3.014464356036207,307.6339390337806
mp-1205353,KMnF3,2.4058,-3.015668231036206,145.3773548581438
mp-2759521,KMnF3,2.1486,-3.0156265890362066,290.8681594551089
mp-1184948,KMnO3,0.0,-1.4775171560362077,61.91950425785535
mp-1040469,KMoO3,0.0,-2.04255605245,64.23163890078015
mp-5158,KNO3,2.9384,-1.4221385969499998,306.24942598800067
mp-6920,KNO3,2.9813,-1.41949764345,74.61614758460317
mp-9475,KNO3,3.3088,-1.42101252295,277.3713999375288
mp-36903,KNO3,2.9765,-1.4146390424499995,172.7027645944071
mp-672644,KNO3,3.2301,-1.3778487009499998,332.5687433976958
mp-675625,KNO3,3.0629,-1.41037420945,179.0882268732527
mp-676851,KNO3,3.0153,-1.3927641834500002,86.26040384144711
mp-1020193,KNO3,2.8988,-1.4089859919499994,315.28320785126255
mp-1105365,KNO3,3.1418,-1.37577283845,342.9553556651237
mp-1190109,KNO3,2.8553,-1.3785275939499997,352.0107615997184
mp-2767096,KNO3,3.5471,-1.4151025064499998,155.52289971226745
mp-2767254,KNO3,3.5791000000000004,-1.4192524044499997,148.81033152931727
mp-973968,KNaO3,0.0,-0.4963768387258618,87.51495972475456
mp-4342,KNbO3,1.4744,-2.8509375164500006,66.19193300770227
mp-5246,KNbO3,2.0587,-2.851774280450001,66.39970574294573
mp-7375,KNbO3,2.3108,-2.852127680450001,66.42558683114697
mp-935811,KNbO3,1.4215999999999998,-2.8443974524500013,65.41101790884895
mp-27366,KNiCl3,0.7022999999999999,-1.5263277917833344,715.0760800661986
mp-560976,KNiF3,0.0,-2.635677332449999,64.38821575917798
mp-1185015,KNpO3,0.0,-3.1130405402,78.70004291254199
mp-1185009,KOsO3,0.0,-1.625179570449999,60.75217475613986
mp-5039,KPO3,5.0422,-2.685668052378569,641.5459608291362
mp-13981,KPO3,4.8275,-2.672174670378569,321.2956614628418
mp-557880,KPO3,5.0591,-2.682037335045238,1005.7576849014606
mp-557985,KPO3,4.9935,-2.6852390808785693,641.9825133506407
mp-675976,KPO3,0.7699999999999999,-1.1928058323785713,177.45227608604674
mp-1196581,KPO3,5.0617,-2.675777607753572,4158.237430130767
mp-1223439,KPO3,3.3136,-2.4397265063785705,201.794081320203
mp-8267,KPS3,1.7149,-0.9572971788785652,264.3180621637443
mp-569702,KPSe3,1.4182,-0.7997512216181543,3731.404010154259
mp-571452,KPSe3,1.3151,-0.7977876237848207,877.6161107698349
mp-1206970,KPaO3,3.0477,-3.5524977144499976,82.6542619610523
mp-1211504,KPbI3,2.411638278367111,-1.206837611949997,860.6416828616508
mp-1184935,KPbO3,0.0,-1.200046564449999,82.92657461938236
mp-9061,KPdF3,0.0,-2.1086847204499994,80.02153630160868
mp-972985,KPdO3,0.0,-0.8254632004499995,67.42291986772541
mp-974842,KPtO3,0.0,-0.9506921764499991,66.25367573946053
mp-863708,KPuO3,0.0,-2.921963576199996,76.6096388014749
mp-1184957,KRbO3,0.0,-0.3310696499499997,125.1951764956113
mp-973471,KReO3,0.0,-2.08184262095,61.11912479420659
mp-975134,KRhO3,0.0,-1.1842323344499994,63.59654676556202
mp-973958,KRuO3,0.0,-1.5329783984499996,61.12931948987885
mp-541581,KSO3,4.9772,-2.073822209616666,512.648739732601
mp-558546,KSO3,4.995,-2.0758907449500006,531.65818069242
mp-14607,KSbO3,1.7858999999999998,-2.0307361227833334,884.6548224253007
mp-16293,KSbO3,1.1212999999999995,-2.00440420345,300.17961160744926
mp-547792,KSbO3,2.6867,-2.0491271734500005,153.64624010469555
mp-635067,KSbO3,0.0,-1.1365690094499996,161.36158055764503
mp-695836,KSbO3,0.2784,-1.28452197245,179.55735057177304
mp-1180714,KSbO3,0.0,-1.23372901945,183.0467596048696
mp-973960,KScO3,0.0,-2.33650292545,74.65340065311048
mp-28695,KSiH3,2.5733,-0.1880287350000003,319.757399910416
mp-974061,KSiO3,0.0,-2.1404846304500005,49.96122783985031
mp-1198795,KSiO3,0.2132,-2.4605112234500006,670.2223739368103
mp-1199261,KSiO3,0.0,-2.4627090771999995,671.4465340654475
mp-1097014,KSnBr3,2.9147,-1.4990104179500017,665.0417230363074
mp-28774,KSnF3,3.5114,-2.7893068392000027,736.4129577677159
mp-1097015,KSnI3,2.3326,-1.1241006219500025,836.2062838205491
mp-1079672,KSnN3,0.0,1.69924580455,311.94504449458685
mp-1205548,KSrI3,4.2507,-1.8475556484500029,443.9166209756968
mp-1184959,KSrO3,0.0,-1.3297652424500002,113.85352482172922
mp-3614,KTaO3,2.0976,-3.0715878579166693,63.7546200303669
mp-568318,KTaTe3,0.4180000000000001,-0.8192553546166664,3570.0780812097096
mp-981313,KTbO3,0.0,-2.2729264317833326,90.81213175146712
mp-28408,KTcCl3,1.6970999999999998,-1.5090648969499996,549.3437181871276
mp-973267,KTcO3,0.0,-1.982492657450002,58.14690296217846
mp-1184940,KTeO3,0.0,-1.638802141783333,69.64928845122509
mp-567718,KTiBr3,0.0,-1.6644998264500004,921.941214748158
mp-568270,KTiCl3,0.0,-2.0082151361166662,778.4020100040376
mp-2756219,KTiCl3,0.0,-1.8740412732500011,749.5614677700684
mp-640578,KTiI3,0.0,-1.198004552116667,1192.1295743477183
mp-760376,KTiO3,0.0,-2.6624601971166664,78.59586598624729
mp-1180658,KTiO3,0.0,-2.6525406576166666,281.0911824858956
mp-1111155,KTlBr3,0.9246039538087512,-1.342039624116668,405.140615144015
mp-1111296,KTlCl3,1.097012712683471,-1.582051127116668,352.89437515010235
mp-1111295,KTlF3,1.9647115283785197,-2.4383014661166675,220.04713226360937
mp-1110822,KTlI3,0.0,-0.973210454116668,493.9444103243764
mp-984454,KTlO3,0.0,-0.7949232771166678,85.80387530056791
mp-1211295,KTmBr3,0.0,-1.818286347450001,663.8926972709666
mp-570303,KTmI3,0.0,-1.403376805450001,386.92265638064936
mp-1184949,KTmO3,0.0,-2.350256552450001,85.9074501087085
mp-4126,KUO3,0.4419000000000004,-3.3351098904499983,79.44393397949031
mp-1205604,KVCl3,0.3342842499993028,-1.8393189114500008,255.0933518245801
mp-557257,KVF3,2.0758999999999994,-3.038636394450003,70.41227003340603
mp-18815,KVO3,3.0460000000000003,-2.406671246950001,313.27195695543344
mp-1076633,KVO3,0.2167000000000003,-2.1897599564500005,57.204585275291
mp-1040472,KWO3,0.0,-2.1336885944500006,64.82668610173054
mp-1184945,KYO3,0.0,-2.25883953245,90.97581873262898
mp-1206621,KYbI3,3.63067859226924,-1.3652351542500014,370.83075822716575
mp-1184953,KYbO3,0.0,-2.138255775000002,82.64208449107699
mp-5878,KZnF3,3.6837,-2.8119468024500005,66.30309275332023
mp-1184946,KZnO3,0.0,-0.93812975445,68.34503711356686
mp-1184950,KZrO3,0.0,-2.7950123984499995,76.13256665533781
mp-10600,La3AlC,0.0,-0.2830682734999982,141.02463755879623
mp-4505,La3AlN,0.0,-0.901059496749997,132.4574297540407
mp-1206996,La3AlO,0.0,-1.473911112000002,127.34019222510248
mp-20590,La3InB,0.0,-0.2580759173749925,151.32988139970902
mp-29056,La3InC,0.0,-0.4744410989999977,144.650150277114
mp-1224015,La3InGe,0.0,-0.7435156907499959,1247.2542497778695
mp-20999,La3InN,0.0,-1.0585751067499956,135.62589515374242
mp-10611,La3PbC,0.0,-0.428018612000001,143.80930043641396
mp-1206443,La3SnC,0.0,-0.6245868470000004,142.26113781495349
mp-1206994,La3SnN,0.0,-1.1725149447499974,133.15955149875467
mp-7159,La3TlC,0.0,-0.289061296666668,143.94147790506207
mp-768308,LaAgO3,0.0,-2.088594065333333,139.99486405290418
mp-1076000,LaAgO3,0.0,-1.8860749563333343,69.34770852603963
mp-1069603,LaAl3Au,0.0,-0.6605854510000022,103.94924623194464
mp-1070573,LaAl3Cu,0.0,-0.5198575469999994,97.70717735024915
mp-2920,LaAlO3,4.0205,-3.722193366000004,108.69536345095824
mp-5304,LaAlO3,3.496100000000001,-3.719413138000003,54.13665153348018
mp-696871,LaAlO3,3.578500000000001,-3.494131784000001,123.70700827112734
mp-768417,LaAlO3,4.276999999999999,-3.691301951666668,467.7644710119816
mp-768518,LaAlO3,4.4362,-3.669252299333336,442.599776648795
mp-771698,LaAlO3,4.4777,-3.66534773625,569.581153201603
mp-771703,LaAlO3,4.1704,-3.6797064053333344,426.7858281918373
mp-780411,LaAlO3,4.4588,-3.629298000333335,830.9863204470903
mp-780421,LaAlO3,4.270499999999999,-3.639826190000001,421.87864927012674
mp-780422,LaAlO3,4.273999999999999,-3.686656306666668,942.8090747140236
mp-1080060,LaAlO3,3.7121,-3.722466563000002,108.7846540054093
mp-1080080,LaAlO3,3.5192999999999994,-3.722067564000004,108.66760027192304
mp-1182592,LaAlO3,0.0,-0.8172206000000003,125.07172857582998
mp-1079050,LaAsO3,2.693,-2.8636921025000013,141.51370411239242
mp-28853,LaAuO3,1.8115000000000008,-2.314873115500002,302.0584155163614
mp-7492,LaBO3,4.0012,-3.5069307528333367,127.94431487087007
mp-8216,LaBO3,4.4926,-3.5211455498333364,247.048425148268
mp-3846,LaBPd3,0.0,-0.5776115430333277,86.19953034770906
mp-1018633,LaBPt3,0.0,-0.7832506594999472,86.99189398320256
mp-3088,LaBRh3,0.0,-0.6978622008333332,77.41115892774451
mp-1222880,LaBeAl3,0.0,-0.2520443980000003,98.19232399573504
mp-981934,LaBeO3,0.0,-2.9196465550000013,50.965649858396255
mp-755003,LaBiO3,2.6316000000000006,-2.7283753630000005,176.75022353888693
mp-768310,LaBiO3,3.0703000000000005,-2.7338313920000004,174.44004834340714
mp-973869,LaCdO3,0.0,-2.06504877,73.04988646712441
mp-19973,LaCoGe3,0.0,-0.5843099109999997,92.60921960277798
mp-989643,LaCoN3,0.4901,-0.641243549249998,156.9199040239598
mp-19051,LaCoO3,1.0014000000000003,-2.596609753,222.25359956685827
mp-510611,LaCoO3,0.0,-1.169650920000001,87.87961684788989
mp-561922,LaCoO3,0.0,-2.5885146375000003,113.2063665593236
mp-573180,LaCoO3,0.6210999999999993,-2.5233773920000004,55.60374124701541
mp-1180725,LaCoO3,0.0,-2.5611619880000007,113.59993529183484
mp-1181307,LaCoO3,0.0,0.3150807729999997,680.5994949910478
mp-1185232,LaCoO3,0.973,-2.5524394154999994,236.98698979728343
mp-1272753,LaCoO3,0.6738999999999997,-2.5694963185000006,237.87742729827065
mp-1273989,LaCoO3,0.8045999999999998,-2.582005682500001,243.1968758343009
mp-1277476,LaCoO3,0.0,-2.5650496090000003,239.43160537909029
mp-1288145,LaCoO3,0.2793000000000001,-2.5999261380000007,118.07297697836468
mp-1504268,LaCoO3,0.9444999999999996,-2.544780892,119.41139253008176
mp-570885,LaCoSb3,0.0,-0.7180369884999998,989.841288837342
mp-1068559,LaCoSi3,0.0,-0.6272428139999988,83.59886110531865
mp-13005,LaCrGe3,0.0,-0.4873773859999971,197.07179838158345
mp-989612,LaCrN3,1.4148000000000005,-0.9915784432500004,297.1601504486528
mp-18841,LaCrO3,2.1156999999999995,-3.105166520000001,60.56654511365902
mp-19281,LaCrO3,2.3706000000000005,-3.1966233445000007,236.61766314523803
mp-19357,LaCrO3,0.0,-3.1930958260000017,117.86084206710214
mp-10328,LaCrS3,0.0,-1.7604868705,397.49337889168095
mp-19861,LaCrSb3,0.0,-0.6375155514999988,526.3684866989481
mp-1105933,LaCrSe3,0.0,-1.5735571874062555,455.701294024344
mp-3474,LaCuO3,0.0,-2.4238558,114.50128810538682
mp-1076070,LaCuO3,0.0,-2.3996347060000005,58.03562468331231
mp-756272,LaDyO3,4.3626,-3.899716204333333,312.28393326480085
mp-7538,LaErO3,4.4376,-3.9386162420000006,304.0796627333526
mp-558977,LaErS3,0.8793999999999995,-2.448090529833332,1405.4097717016073
mp-1200571,LaErS3,1.0717999999999996,-2.444815696749997,939.2266311609584
mp-19743,LaFeGe3,0.0,-0.5303394340000096,95.9283391647
mp-22590,LaFeO3,1.4333999999999998,-2.825153782000001,251.93610168856503
mp-552676,LaFeO3,0.8753000000000002,-2.722917310000001,61.96642318273111
mp-605340,LaFeO3,1.7660000000000005,-2.5610329185000014,333.39107148475915
mp-1078634,LaFeO3,1.9509,-2.8529258040000074,115.45061726760385
mp-1181002,LaFeO3,1.2424,-2.746178183500001,302.64898868723105
mp-1222853,LaGa3Cu,0.0,-0.5927069549999999,95.17752940535884
mp-1223040,LaGa3Ni,0.0,-0.5457789335000008,93.63095429225572
mp-1222842,LaGa3Pd,0.0,-0.7721096029999984,98.3671280984544
mp-1222794,LaGa3Pt,0.0,-0.7485127375000019,98.0479499480548
mp-3336,LaGaO3,3.3802000000000003,-3.0924083945000005,121.62970279595108
mp-5837,LaGaO3,3.3483,-3.0979300295,244.776697806021
mp-9831,LaGaO3,0.0,-1.6866642515000003,97.3300964793554
mp-556983,LaGaO3,3.1895999999999995,-3.0928946735,121.68417249387792
mp-1078871,LaGaO3,3.3682000000000007,-3.0918840745,121.69108631106909
mp-1097026,LaGaO3,3.365900000000001,-3.0341553655,59.93511816444752
mp-1180739,LaGaO3,3.2035,-3.092933671,243.58010127039395
mp-4816,LaGaS3,2.2220000000000004,-1.6847058531875008,1399.3919751039664
mp-1201646,LaGaS3,2.7075,-1.6799700666875006,1399.9496136472676
mp-20910,LaGe3Ir,0.0,-0.7284729960000007,99.91318429076809
mp-1069898,LaGe3Os,0.0,-0.5244662579999982,100.75533559579928
mp-13123,LaGe3Rh,0.0,-0.7616580580000012,99.21654931768018
mp-1068387,LaGe3Ru,0.0,-0.6340819640000006,99.80966338806228
mp-756166,LaHoO3,4.3859,-3.917213722,306.5519644743991
mp-770413,LaHoO3,4.024699999999999,-3.870543979,312.48257074063946
mp-1200097,LaHoS3,1.0791000000000004,-2.4620139324375003,946.3289521611864
mp-1080184,LaIO3,0.7893000000000008,-2.260693369,196.10727813149077
mp-11623,LaInO3,2.7459,-2.9282917013333347,281.8940253530813
mp-1222954,LaLuC3,0.0,-0.1489271643333339,298.2629060246085
mp-22220,LaLuO3,4.418100000000001,-3.988481201333333,287.5241780269563
mp-1106374,LaLuS3,2.2322,-2.46214010452083,484.78207567773165
mp-1184964,LaMgO3,0.0,-2.9433469830000005,61.43297867320221
mp-1232327,LaMgS3,0.2008999999999998,-1.5801824624999994,570.6858006747453
mp-1232358,LaMgS3,0.0,-1.6359039651666658,746.9361231107164
mp-1238931,LaMgS3,0.5411999999999999,-1.7013824704999998,234.0419121863511
mp-1232143,LaMgSe3,0.0,-1.4309204924062506,306.9393941631012
mp-989554,LaMnN3,0.0,-0.8285514331465521,131.3792039070709
mp-989589,LaMnN3,0.0,-0.8421230751465515,139.64132122783502
mp-17554,LaMnO3,0.0,-3.0097313055862074,255.08175724819077
mp-19025,LaMnO3,0.0,-2.928862199586207,61.36672420481146
mp-19157,LaMnO3,0.0,-2.997132544586208,118.73020526443598
mp-19168,LaMnO3,0.0,-2.994589143586208,124.66110534715936
mp-557795,LaMnO3,1.4402999999999997,-2.6647395275862067,297.1410300410424
mp-566602,LaMnO3,1.692884215930187,-2.715198872086208,332.11459568010025
mp-645158,LaMnO3,1.0572999999999997,-2.713913718586207,333.3011408804232
mp-1180700,LaMnO3,1.1017818945194318,-2.967020409086208,248.6782388258177
mp-1180932,LaMnO3,0.5346999999999995,-2.504748675086208,310.04857285439806
mp-1205375,LaMnO3,0.0,-2.968048727586208,123.72434334359438
mp-1272373,LaMnO3,0.5803000000000003,-2.9624020385862067,248.7146416467784
mp-1272996,LaMnO3,0.0270999999999999,-2.959823443086208,250.0181085480827
mp-1273223,LaMnO3,0.0,-2.899477352086207,245.6287779026172
mp-1273769,LaMnO3,0.0,-2.959400331086208,248.53597536865317
mp-1278019,LaMnO3,0.0,-2.917636933586208,245.45715843443807
mp-1278230,LaMnO3,0.0,-2.9886751910862075,250.1558773215623
mp-1278738,LaMnO3,0.0,-2.919669005586208,122.39876650609622
mp-1279320,LaMnO3,0.0,-2.964047460086208,248.1817656076625
mp-1281528,LaMnO3,0.0,-2.958365908586208,250.3048998078186
mp-1283081,LaMnO3,0.6151000000000009,-2.910514832586208,123.0117361342206
mp-989515,LaMoN3,0.0,-1.0718826400000012,70.81360396618
mp-989534,LaMoN3,1.2237999999999998,-1.090724972000001,171.56191974186592
mp-989552,LaMoN3,1.1509,-1.084178514000001,133.3244203311773
mp-989603,LaMoN3,0.8050999999999995,-1.0931914895000063,162.75904896753863
mp-989631,LaMoN3,2.0897,-1.1135275380000054,326.4614816147412
mp-1201689,LaNi3B,0.0,-0.4385722963333329,583.0430278642606
mp-1203921,LaNi3B,0.0,-0.4413874215833331,582.0525454646613
mp-1205795,LaNi3B,0.0,-0.4416637178333353,142.9727535993915
mp-1207245,LaNiGe3,0.0,-0.6282166740000008,93.81064214566749
mp-19339,LaNiO3,0.0,-2.471704720000001,112.43959122238896
mp-1075921,LaNiO3,0.0,-2.436526664,57.378419163664574
mp-1278441,LaNiO3,0.0,-2.428134476000001,230.37032604144088
mp-1284950,LaNiO3,0.3559999999999998,-2.451816146500001,232.9516909639612
mp-2764171,LaNiO3,0.0,-2.4723847244999986,225.23285093837265
mp-569538,LaNiSb3,0.0,-0.7644393335000004,997.6085790619536
mp-989564,LaOsN3,0.0,-0.5591733899999994,61.655856812767205
mp-989588,LaOsN3,0.0,-0.5755585619999991,123.04124639492916
mp-989607,LaOsN3,0.0,-0.5750231845000002,246.28248460396367
mp-989621,LaOsN3,0.0,-0.6123631460000041,140.01376512329904
mp-989632,LaOsN3,0.0183999999999997,-0.591896226,339.36841749559727
mp-989641,LaOsN3,0.0,-0.5874646189999992,134.4571527846699
mp-1017581,LaPd3C,0.0,-0.192292444499995,84.3093637881564
mp-16415,LaPdO3,0.0,-2.362232830999998,259.8970232452888
mp-1017582,LaPt3C,0.0,-0.3214484390964742,85.57920512495559
mp-1185084,LaPtO3,0.0,-2.015831274,68.38135116569364
mp-989581,LaReN3,0.0,-0.9291441927500016,123.46020168977044
mp-989602,LaReN3,0.0,-0.9229014007500012,61.85917806687415
mp-989614,LaReN3,1.3972999999999995,-0.8869721587500095,367.72951033262433
mp-1206401,LaRh3C,0.0,-0.3721250940000004,77.68749799903784
mp-5163,LaRhO3,0.5951000000000004,-2.545009926000008,250.620518807492
mp-20472,LaRuO3,0.0,-2.5601037775,256.6239132497035
mp-1211524,LaSb3Pd,0.0,-0.8208289572500007,1057.674742466426
mp-1222966,LaSbSe3,0.973,-1.3942753344062502,564.4478172687956
mp-31116,LaScO3,3.8973,-3.950563378,267.3212593398151
mp-1096800,LaScO3,2.8177000000000003,-3.746481555,67.8627929880572
mp-1190131,LaScS3,1.6446000000000005,-2.3746394016875003,458.30319977671337
mp-2914,LaSi3Ir,0.0,-0.8610729349999999,90.77789751532552
mp-1069882,LaSi3Os,0.0,-0.6537202870000016,91.65861762638278
mp-1070124,LaSi3Rh,0.0,-0.8399889510000023,89.96151324914102
mp-1069594,LaSi3Ru,0.0,-0.7203367389999997,90.64736860871405
mp-541249,LaSiAs3,0.0,-0.7932437312500014,983.711496991667
mp-648984,LaSiAs3,0.0,-0.7573702562500018,952.556801196458
mp-1232371,LaSiP3,0.0,-0.6405034207857142,856.2241863640294
mp-1232374,LaSiP3,0.5190176334105887,-0.732685564785713,883.7565491181256
mp-1206882,LaSiPt3,0.0,-1.1965208599999984,93.60142108707468
mp-778450,LaSmO3,4.243500000000001,-3.8012802165,327.2244468783508
mp-30756,LaSn3Ru,0.0,-0.5311842907500008,949.1214036022196
mp-1185122,LaSnO3,0.0,-2.447777261000001,74.80253514100687
mp-989620,LaTaN3,0.4970999999999996,-1.4205245114388902,277.6707981069446
mp-1239192,LaTaO3,0.0,-3.129005053466667,67.56898400289603
mp-989406,LaTcN3,0.0,-0.7980525747500025,142.51842879636197
mp-989593,LaTcN3,0.0,-0.8054044817499999,124.18184177716836
mp-989619,LaTcN3,0.0,-0.8390079722500019,322.06906338172934
mp-20085,LaTiGe3,0.0,-0.7797332193333346,204.02418920213464
mp-8020,LaTiO3,0.0,-3.597550532666668,62.049187819988944
mp-22013,LaTiO3,0.0,-3.639685829666668,250.78714658782192
mp-1211414,LaTiS3,0.0,-2.0764098601666667,403.54764938690994
mp-29257,LaTlO3,0.3536999999999999,-2.3313926216666685,158.82202214022158
mp-13374,LaTmO3,4.365600000000001,-3.961617085500001,300.1437927284731
mp-556841,LaTmS3,0.8731,-2.4337909545208314,1395.2577486371704
mp-1199053,LaTmS3,1.0697,-2.459111309437497,933.3866457636792
mp-1078802,LaVGe3,0.0,-0.5723173500000016,192.73189248638803
mp-989403,LaVN3,0.5744000000000007,-1.2900926230833307,131.38653390551372
mp-19053,LaVO3,0.0,-3.1020430640000014,61.63305796479472
mp-19350,LaVO3,0.0,-3.279302451000002,241.4819988456424
mp-1211380,LaVS3,0.0,-1.8537177709999997,396.38887929631903
mp-1211432,LaVSb3,0.0,-0.6789744998333361,521.6260635840118
mp-989455,LaWN3,0.0,-1.210190513249998,128.93932837601054
mp-989497,LaWN3,0.0,-1.2245903782499994,67.0115554856844
mp-989524,LaWN3,1.1797000000000004,-1.244283644250001,129.99677793673973
mp-989601,LaWN3,0.7063999999999995,-1.220954496249996,66.29998165866549
mp-989626,LaWN3,0.0,-1.2288322792499995,131.99419891865733
mp-989630,LaWN3,0.0,-1.213674320749996,257.59197156705306
mp-989633,LaWN3,2.3975,-1.206993034749999,332.3303936761261
mp-989646,LaWN3,1.711799999999999,-1.1949197172499992,170.60443604759888
mp-989699,LaWN3,0.0,1.2018444197500031,61.81385242198857
mp-1222904,LaYC3,0.0,-0.1716511385000004,312.07499677039925
mp-10429,LaYO3,4.3272,-3.874982481500001,311.9431159769749
mp-1200447,LaYS3,1.1177,-2.4634352734375,956.475893385198
mp-8215,LaYbS3,0.0,-2.470636438687498,236.85253843595703
mp-11784,LaYbSe3,0.0,-2.2766469204374973,268.3283795144719
mp-1184965,LaZnO3,0.0,-2.522841184,60.61046362504101
mp-1185065,LaZrO3,0.0,-3.4281669480000003,73.75816404510208
mp-28593,Li3BrO,4.3357,-1.827452582,61.56637904117181
mp-985585,Li3ClO,4.6766000000000005,-1.941360625,59.70023110462523
mp-1185297,LiAcO3,0.0,-2.4074067141666675,60.21066048006748
mp-752605,LiAgF3,0.3288999999999999,-2.075439855999999,279.29293651428355
mp-752699,LiAgF3,0.0,-2.0772636959999997,131.55010208325814
mp-752837,LiAgF3,0.0117,-2.076295726499999,259.4648183662874
mp-756821,LiAgF3,0.1235999999999999,-2.053644856499999,243.25569683954285
mp-757915,LiAgF3,0.3373999999999999,-2.0552754549999994,131.64188169136736
mp-759066,LiAgF3,0.0,-2.066575018999999,130.2865559997593
mp-760151,LiAgF3,0.1695999999999999,-2.0701965239999995,389.1063099468663
mp-1398557,LiAgF3,0.2067000000000001,-1.203887681999999,131.6418551877617
mp-1185313,LiAlO3,0.0,-2.1047224416666666,51.03133026460131
mp-9657,LiAsO3,3.3858,-1.984634626166666,94.39200396968975
mp-559767,LiAsO3,2.9408,-1.9488597091666668,229.1600080770351
mp-1185302,LiBO3,0.0,-1.2391894874999998,36.18478119222366
mp-28613,LiBPt3,0.0,-0.5653760871666653,207.0497518104581
mp-24342,LiBeH3,2.3768,-0.2232108039166664,124.612857010701
mp-24817,LiBeH3,4.8344000000000005,-0.3274231897500002,240.92685775587543
mp-24818,LiBeH3,4.8836,-0.3241704954166667,175.24459069597393
mp-570218,LiBeH3,4.8256,-0.3274620072499994,485.255000416245
mp-977148,LiBeH3,4.3798,-0.3224794727500002,247.51939548406975
mp-977298,LiBeH3,4.4578,-0.3121456584166662,154.36249672370604
mp-1079676,LiBeH3,5.1053,-0.3215564434166662,90.21956436586642
mp-982975,LiBeO3,0.0,-1.346609250666667,43.1416576665112
mp-29077,LiBiO3,0.1445000000000003,-1.635298933416668,473.461939007118
mp-1197831,LiBrO3,0.0,-0.5232620809166668,619.9494275575756
mp-1079781,LiCaAl3,0.0,0.1754015616666684,218.33223142664235
mp-1017626,LiCaF3,6.5265,-3.6116482016666662,53.210154981331215
mp-1079935,LiCaH3,2.5159,-0.5743930540833325,97.42053789603402
mp-975333,LiCaO3,0.0,-1.649567669666667,53.99772204566962
mp-1185203,LiCdO3,0.0,-0.6759979216666665,53.231081072507145
mp-973613,LiCeO3,0.0,-2.545260259666666,49.97266406711705
mp-759500,LiCoF3,2.833,-2.582472417666667,171.61047271394716
mp-764370,LiCoF3,3.0432,-2.5817976976666666,172.2611484222777
mp-1185311,LiCrO3,0.0,-1.6667356236666675,49.7945631362843
mp-752701,LiCuF3,0.0351,-2.3343133881666662,215.58230020891196
mp-753405,LiCuF3,0.4668,-2.333128913166666,223.78167295817707
mp-758052,LiCuF3,0.0,-2.3407941356666666,100.69027687579656
mp-760814,LiCuF3,0.0,-2.2796948856666663,226.77268827836045
mp-761262,LiCuF3,0.4097,-2.3227957266666666,226.35658836777884
mp-761897,LiCuF3,0.5463,-2.310885199333334,323.59462028929926
mp-2764589,LiCuF3,1.3488000000000002,-2.347362580833333,204.43090396249545
mp-1185308,LiDyO3,0.0,-2.2578237179999987,49.620450663239936
mp-1185310,LiErO3,0.0,-2.235956587666665,48.84467197755944
mp-541365,LiEuH3,0.0,-0.6228326755833322,51.341548704283774
mp-1185344,LiEuO3,0.0,-1.9893673846666675,53.30408940567633
mp-754051,LiFeF3,0.0108999999999999,-2.573461100666667,112.61426282858189
mp-754581,LiFeF3,3.358,-2.7378522501666667,237.40632156159825
mp-754707,LiFeF3,3.2949,-2.760563070166667,263.5711655828217
mp-754816,LiFeF3,3.3132,-2.7803309266666667,225.31518513743333
mp-754994,LiFeF3,3.1206,-2.7647177901666664,246.4648568403223
mp-755103,LiFeF3,3.0058,-2.722258770166667,246.41519718834505
mp-755136,LiFeF3,3.5106,-2.732044012666667,102.6258023586594
mp-755179,LiFeF3,3.0524,-2.7190596416666666,122.941423288473
mp-755575,LiFeF3,3.2665,-2.7242558746666665,242.2023678018626
mp-756109,LiFeF3,3.3048,-2.7564753091666665,217.7291806259034
mp-756113,LiFeF3,0.0010999999999998,-2.7759234306666665,245.39499242053012
mp-760354,LiFeF3,3.0657,-2.727965773666667,180.5320105778837
mp-761166,LiFeF3,3.5869,-2.795837521666667,113.16457889730091
mp-775760,LiFeF3,3.0155000000000003,-2.735224109466667,641.2963371903874
mp-776017,LiFeF3,3.2909,-2.7691835171666668,534.3840404179251
mp-776026,LiFeF3,3.1084,-2.718518286416667,481.6491405467986
mp-776027,LiFeF3,3.0149,-2.7272238521666665,473.5403247878109
mp-776077,LiFeF3,3.567,-2.7789674076666664,506.0032749661744
mp-776080,LiFeF3,3.4841,-2.791437719416667,460.83351136849024
mp-776524,LiFeF3,2.637,-2.7428517675238093,894.2419469688558
mp-776604,LiFeF3,2.2218,-2.7523262411666667,682.9335100050309
mp-777470,LiFeF3,3.459,-2.606915664666667,349.0622971710539
mp-777489,LiFeF3,3.0799,-2.7273645499999994,477.3069827255176
mp-777522,LiFeF3,3.2829,-2.7968923356666666,117.0124832668619
mp-777622,LiFeF3,3.3346,-2.7682808691666665,239.5548928975201
mp-777672,LiFeF3,3.0807,-2.750666436666667,121.1386697136616
mp-777683,LiFeF3,3.1492,-2.7114154336666667,910.0690274790988
mp-777888,LiFeF3,3.2689,-2.7835433496666666,228.6063995238233
mp-777899,LiFeF3,3.2798000000000003,-2.752643504666667,256.31748984224265
mp-780639,LiFeF3,3.4058,-2.788151028666667,117.4026269515104
mp-780803,LiFeF3,3.4099000000000004,-2.780628764791667,1017.8541753478848
mp-1097043,LiFeF3,2.7983,-2.641885481666667,124.85667848041922
mp-1176698,LiFeF3,3.7202,-2.7838933076666663,108.89442933246478
mp-1176705,LiFeF3,3.4694000000000003,-2.7508093191666667,241.2547621212186
mp-1176706,LiFeF3,0.0069,-2.786357287166667,234.24409766643373
mp-1176707,LiFeF3,3.4609,-2.747213014,388.7074202788242
mp-1176709,LiFeF3,3.6062,-2.7637060336666663,230.63589790451795
mp-1176718,LiFeF3,3.1318,-2.737464183333334,369.94238490831424
mp-1176724,LiFeF3,3.0341,-2.628583255222222,1154.4352068978933
mp-1407616,LiFeF3,4.2544,-2.252635491666667,121.13969386561502
mp-1446564,LiFeF3,4.386699999999999,-2.405257392666667,108.89513819538377
mp-752521,LiFeO3,0.3317,-1.4174851056666669,204.41876740507468
mp-752790,LiFeO3,0.1658,-1.3924913446666678,108.3022062613327
mp-756941,LiFeO3,0.0,-1.416347921166667,197.8546143043276
mp-760833,LiFeO3,0.3214,-1.4335888043333322,633.7258103762583
mp-761189,LiFeO3,0.0,-1.1329338756666671,96.44365165026528
mp-1185320,LiFeO3,0.0,-1.2499791736666666,53.87891945944352
mp-28327,LiGaBr3,2.956,-1.4194405496666658,548.321490832187
mp-29344,LiGaCl3,3.6888,-1.714420777416666,894.6761596929997
mp-29345,LiGaI3,2.2473,-1.0067712746666664,701.2367235116269
mp-1185401,LiGdO3,0.0,-2.261904235666667,50.79737479231591
mp-1185303,LiGeO3,0.0,-1.6680781626666663,51.78104533875933
mp-973818,LiHoO3,0.0,-2.244521940666665,49.15097044898062
mp-22955,LiIO3,3.6861,-1.385046748666667,131.047417289717
mp-22994,LiIO3,3.6546,-1.384245133666667,280.602850071686
mp-23384,LiIO3,3.7255,-1.3859118691666663,567.1687177525457
mp-545343,LiIO3,0.0,-1.1354030076666668,114.01919138784967
mp-555562,LiIO3,3.5575,-1.2378381199166668,674.1296746810573
mp-1080052,LiIO3,0.0,-0.5183928756666667,99.65345359511932
mp-1180548,LiIO3,2.5038,-1.0468932626666665,159.84612568357002
mp-1185357,LiLaO3,0.0,-2.3837446746666666,55.85826899691202
mp-976331,LiLuO3,0.0,-2.192363091,47.82416224294733
mp-3346453,LiMgCl3,6.5942,-2.045754383833334,598.7286028058212
mp-23736,LiMgH3,4.0494,-0.3585613064166665,92.74378492412484
mp-1185356,LiMgO3,0.0,-1.3108091626666662,62.56273528519409
mp-752829,LiMnF3,3.7869,-3.005125037252874,118.32417853187748
mp-752938,LiMnF3,3.1386000000000003,-3.0114090312528745,124.314426343666
mp-753025,LiMnF3,3.5423,-2.961097056252875,267.3342907015824
mp-754676,LiMnF3,3.651,-3.0210283082528746,113.94086423866416
mp-754770,LiMnF3,3.3288,-2.9741545872528747,269.7844974731704
mp-756130,LiMnF3,3.6033,-2.9792600007528747,250.2289217503159
mp-757275,LiMnF3,3.4187000000000003,-2.969283232502874,521.2157011473794
mp-758456,LiMnF3,3.4463,-2.943443059252874,116.86376712032371
mp-758779,LiMnF3,3.888,-3.013645292586207,356.56221986689513
mp-759023,LiMnF3,3.7498,-2.9832772628778743,934.1590796201106
mp-759032,LiMnF3,3.51,-2.952269474002874,503.1410099492376
mp-759042,LiMnF3,3.0923,-2.9677292507528747,490.9415900625844
mp-759048,LiMnF3,3.149,-2.977108540363985,1192.9893344488517
mp-759093,LiMnF3,3.6288,-3.0160625837528743,244.8696683875661
mp-759492,LiMnF3,3.6206,-3.005854864502873,527.3267746789631
mp-759538,LiMnF3,3.2197,-2.9741231102528736,925.2028506676168
mp-760095,LiMnF3,2.4534,-2.951707781586207,378.3071030561871
mp-762988,LiMnF3,3.595,-2.9465330252528745,251.8440722930937
mp-763003,LiMnF3,3.1237,-2.951581218586208,491.78593982058464
mp-763149,LiMnF3,3.293,-3.012944771752875,243.074602220817
mp-763191,LiMnF3,3.4080000000000004,-2.9425464937528742,255.2273736483216
mp-763362,LiMnF3,3.383,-2.967747599252874,240.40487802350825
mp-764783,LiMnF3,2.712,-2.954937274752875,295.1345693104732
mp-765090,LiMnF3,3.1095,-2.9463609892528737,486.470476241664
mp-765457,LiMnF3,2.9514,-3.005856138752874,258.9370759337948
mp-774399,LiMnF3,3.4213,-2.966583180852874,661.7984887208629
mp-776156,LiMnF3,3.4012,-2.999802657252874,239.3035514208172
mp-776951,LiMnF3,3.7722,-3.0064755217528742,215.82661626550947
mp-777298,LiMnF3,3.5986,-2.9968377990028743,553.9437556390793
mp-777352,LiMnF3,3.6299,-3.0068942307528745,1054.1474032690624
mp-777355,LiMnF3,3.5243,-3.024281156002874,483.01332597530217
mp-777655,LiMnF3,3.2957,-2.9870013567528746,262.5736035238223
mp-777972,LiMnF3,3.4757,-3.0182671195028745,496.5098535132229
mp-778633,LiMnF3,3.5293,-2.9792730205862075,400.6969412754181
mp-778697,LiMnF3,3.8372,-2.992769279502874,441.1836538346783
mp-778800,LiMnF3,3.5504,-2.969995442252873,373.182076422699
mp-778819,LiMnF3,3.2543,-2.9702185892528745,127.30875709250624
mp-779073,LiMnF3,3.7829,-2.9918327989195395,359.9885776407317
mp-779317,LiMnF3,3.5182,-2.979550493919541,803.4280426128704
mp-859873,LiMnF3,3.7716,-2.952967805252874,178.23643141457626
mp-1176630,LiMnF3,3.6287,-3.015901685252873,252.1597564876359
mp-1176631,LiMnF3,3.3440000000000003,-3.011104961252874,122.91408651380723
mp-1176632,LiMnF3,0.0,-3.001619800252874,234.2553423689533
mp-1176634,LiMnF3,3.8619,-2.958476689252875,161.47407489331906
mp-1176635,LiMnF3,4.49,-2.9785031532528747,103.98842920962474
mp-1176636,LiMnF3,3.5585,-2.970000357752874,253.7839876421476
mp-1371141,LiMnF3,3.8917,-3.013269414252874,356.5187030651735
mp-1120793,LiMnO3,0.0,-1.6915997667528742,183.1548558590623
mp-8180,LiNO3,2.9369,-1.3867624986666656,92.80084348909156
mp-696822,LiNO3,0.0,-0.2878974006666667,92.27495520536064
mp-1094130,LiNO3,0.0,0.7738872073333333,49.39928035651954
mp-3731,LiNbO3,3.3358000000000003,-2.899517651666666,429.06236195769645
mp-552588,LiNbO3,2.281952667388917,-2.8665096196666666,111.44215867790756
mp-674361,LiNbO3,2.9621,-2.889461234266668,559.9273656950107
mp-675069,LiNbO3,3.0231000000000003,-2.8926584085238103,778.319584001562
mp-676694,LiNbO3,2.9835000000000003,-2.891502366000001,669.8987539597193
mp-685413,LiNbO3,0.0,-2.784339947358975,1485.47115391595
mp-686057,LiNbO3,3.0381,-2.888663548416666,445.40877225707146
mp-755559,LiNbO3,3.456,-2.844351481666666,125.0137888789659
mp-760701,LiNbO3,3.4191000000000003,-2.8636104516666663,252.98420898728443
mp-776108,LiNbO3,2.7432,-2.869681057166666,447.33750279178
mp-1078377,LiNbO3,3.684152136076594,-2.8788107806666674,117.21291827347063
mp-1196213,LiNbO3,3.6404,-2.8861870246666657,486.2850493830286
mp-1185387,LiNdO3,0.0,-2.298714777166667,53.67410237173956
mp-758501,LiNiF3,4.8387,-2.6459788896666665,101.62203983838734
mp-1185261,LiNiO3,0.0,-0.7054583776666667,53.80230863498618
mp-1078188,LiOsO3,0.0,-1.7362223526666667,99.41236306148032
mp-1078358,LiOsO3,0.0,-1.7445557736666673,98.51533001061097
mp-29195,LiPO3,5.5612,-2.702727293428572,703.0385066061369
mp-557189,LiPO3,5.552,-2.700216261095238,1212.1365465148035
mp-1202801,LiPO3,5.5885,-2.701737629295238,1215.86885289899
mp-1185263,LiPaO3,3.4214,-3.339490445666668,80.52091246018041
mp-1185388,LiPmO3,0.0,-2.298333461166667,52.5712357067057
mp-1185404,LiPrO3,0.0,-2.297372440000001,54.47924863528783
mp-8189,LiReO3,0.0,-2.1048582311666664,103.97122513168792
mp-1185420,LiRuO3,0.0,-1.4579529536666669,56.39139875519791
mp-4995,LiSbO3,2.137900000000001,-2.118194097166666,215.50013311485165
mp-752636,LiSbO3,1.1944999999999997,-2.029383609666666,218.24375667597388
mp-756951,LiSbO3,2.7496,-2.059622312666666,116.96062373991856
mp-770932,LiSbO3,2.6465,-2.101960166666666,115.39919354575606
mp-28835,LiScI3,0.0,-1.347733139666667,325.3552175004337
mp-1211104,LiSeO3,0.5306,-1.4341096981354162,339.6922687408509
mp-20747,LiSi3Pd,0.0,0.0661438333333336,79.22672695343037
mp-1185414,LiSiO3,0.0,-2.394241709666666,43.19374764725567
mp-973136,LiSmO3,0.0,-2.2906269146666665,52.09722716566528
mp-998230,LiSnCl3,4.243,-1.6771398216666662,130.6821218175454
mp-998591,LiSnCl3,4.1012,-1.6876579886666654,253.14696632577648
mp-3666,LiTaO3,3.7003,-3.125358770133336,105.12489484369374
mp-754345,LiTaO3,2.3884,-3.0367138011333337,116.86981919174188
mp-1105216,LiTaO3,3.7436,-2.977256206133333,145.72326093272562
mp-1105280,LiTaO3,2.473881498419561,-3.014904758633334,214.7308672182759
mp-1105326,LiTaO3,3.4733105371524884,-2.8707052686333325,270.2037363208662
mp-862870,LiTcO3,0.0,-1.911468098666667,57.23804068843266
mp-755231,LiTeO3,2.1415,-1.7506827875,247.8468270134616
mp-675460,LiTiCl3,0.0,-1.761458777333333,124.4014875171025
mp-676210,LiTiCl3,0.0,-1.8685817123333333,537.6464541027924
mp-1185236,LiTmO3,0.0,-2.2239481616666685,48.28906697313098
mp-8007,LiUO3,0.4431080072511095,-3.3485089006666486,126.88718923279944
mp-545712,LiUO3,0.4172000000000002,-3.139474475666665,78.1976185374707
mp-1181180,LiUO3,0.3913999999999999,-3.140485972666666,166.0908285449962
mp-752607,LiVF3,2.5456000000000003,-3.019406460666666,118.24506596419596
mp-752619,LiVF3,2.2313,-2.9853097416666663,119.44021064285688
mp-752764,LiVF3,2.5687999999999995,-3.045981738666668,107.34272053522622
mp-752911,LiVF3,2.426,-3.0286992391666665,229.3844217614181
mp-753024,LiVF3,1.9761,-2.972859788666667,175.08356519984343
mp-756643,LiVF3,2.3717,-2.964074335666667,252.65339511939445
mp-777551,LiVF3,2.6788,-3.0273324346666675,234.47751686904132
mp-777676,LiVF3,2.3764000000000003,-2.9942189866666675,271.50698533318666
mp-777893,LiVF3,2.6218000000000004,-3.0433360201666666,471.7682711459684
mp-777894,LiVF3,2.5428,-3.0369100581666664,239.84395044135243
mp-778509,LiVF3,2.6116,-2.9933311871666666,235.5484779962295
mp-782665,LiVF3,2.4393,-3.010977302041668,1037.140391065542
mp-849502,LiVF3,1.2727000000000004,-2.9701749362222234,1175.1438629504703
mp-19373,LiVO3,3.0342,-2.427956693666677,231.8214352176776
mp-19440,LiVO3,2.9435,-2.423180044166668,280.74606650328724
mp-703230,LiVO3,2.8222,-2.4271944011666746,272.33946013428664
mp-754098,LiVO3,2.0872,-2.316607728666668,109.48133773155732
mp-763200,LiVO3,1.9675,-2.342649385666668,107.92854975417988
mp-1176521,LiVO3,1.9504,-2.345197421666667,104.89827015989523
mp-1176510,LiVS3,0.0398999999999998,-1.1412854931666658,207.54724512131145
mp-976283,LiYO3,0.0,-2.2290599176666674,50.121167612811526
mp-1185417,LiYbO3,0.0,-2.036924313583333,46.05735502638522
mp-1206894,Lu3AlC,0.0,-0.4810970810000029,105.07059938012432
mp-1017627,Lu3AlN,0.0,-1.1312274877499988,97.53574743683536
mp-1206912,Lu3GaC,0.0,-0.5449145905000009,102.88120913292828
mp-1206516,Lu3InC,0.0,-0.5728383103333357,107.40838576530209
mp-11733,Lu3InN,0.0,-1.2188013157499935,100.43207455697862
mp-1206877,Lu3PbC,0.0,-0.5663219710000021,107.28667267494647
mp-10609,Lu3SnC,0.0,-0.6686512139999963,105.7043645113631
mp-10607,Lu3TlC,0.0,-0.524768511666663,106.9063075050807
mp-754435,LuAlO3,5.0767,-3.722812292333333,100.49658482659083
mp-755358,LuAlO3,3.6479,-3.743391515333333,114.12048248056117
mp-755574,LuAlO3,5.742900000000001,-3.783986143833334,202.0612130517076
mp-756850,LuAlO3,3.7125,-3.7067063276666663,371.8080788698567
mp-1185485,LuAlO3,3.1252000000000004,-3.549526354333333,49.72430953624188
mp-7560,LuBO3,5.3067,-3.5691515161666687,109.98367787860556
mp-760461,LuBO3,4.2791,-3.5403901071666666,117.68929086573688
mp-1222450,LuBO3,4.5157,-3.4850258541666674,113.66817285947047
mp-3105,LuBPd3,0.0,-0.6777060086942612,78.73950385525583
mp-3717,LuBRh3,0.0,-0.8880950878333322,70.83095591674123
mp-772801,LuBiO3,2.3121,-2.823910251333335,152.59323552308717
mp-1176501,LuBiO3,3.1586000000000003,-2.8550131193333343,151.4912945230261
mp-1222293,LuBiTe3,1.1042999999999994,-1.018663021333334,175.35161681870088
mp-550950,LuCoO3,0.0,-2.6396639203333336,201.7678731337942
mp-755471,LuCrO3,2.7252,-3.253673551833335,210.0228117255138
mp-22588,LuFeO3,1.6083000000000005,-2.879398338833334,224.2433578745118
mp-1193395,LuFeO3,0.0,-2.9016360806666666,356.53614196145696
mp-755342,LuGaO3,2.5238,-3.1987259218333337,121.21093888475164
mp-755792,LuGaO3,3.6376,-3.165389938333334,218.7536126207889
mp-768505,LuGaO3,2.8828,-3.219932291166676,349.22964111405213
mp-1185488,LuGaO3,3.0274,-2.7553820601666743,53.43810750805216
mp-1185514,LuGeO3,0.0,-2.260620259333334,58.23110114881499
mp-1232147,LuMgSe3,0.0,-1.4072234402395842,534.2821821273964
mp-1237926,LuMgSe3,0.0,-1.3737906357395837,282.05813354481273
mp-18808,LuMnO3,0.0,-3.11040649758621,353.34289219579927
mp-21125,LuMnO3,0.4485081876543422,-3.0600999994195406,225.3337197434038
mp-1079715,LuNiGe3,0.0,-0.5124445843333334,177.8704346684173
mp-19327,LuNiO3,0.0,-2.535460960833331,200.82217848352903
mp-1105866,LuNiO3,0.0994999999999999,-2.534079793833333,209.4798371692059
mp-1185498,LuNpO3,0.0492999999999996,-3.1074311880833347,74.00526393698391
mp-1185490,LuPdO3,0.0,-1.7538897703333327,62.275768249188445
mp-1185529,LuReO3,0.0,-1.9413582028333336,61.92415282345703
mp-10699,LuRh3C,0.0,-0.5515777503333368,69.7069388222414
mp-973681,LuRhO3,0.0,-1.8884894003333337,60.42244361076046
mp-1205366,LuRhO3,1.0887000000000002,-2.6120467888333345,218.14931123596665
mp-1207093,LuRu3C,0.0,-0.2791756643333357,69.04483166261245
mp-772180,LuScO3,3.0863,-4.006214216666667,391.5342710979174
mp-776593,LuScO3,4.4786,-3.982798759333333,243.07288147061357
mp-768293,LuSeO3,1.7429,-2.543677874302084,606.401787175432
mp-973655,LuSiO3,0.0,-2.7156390103333337,49.85358501080958
mp-754231,LuTiO3,0.0,-3.654343693000001,226.5833669216115
mp-754597,LuTlO3,0.6919000000000004,-2.528349047500002,278.6845902675024
mp-973536,LuUO3,0.0,-3.0491980403333327,73.67166685696586
mp-755583,LuVO3,1.5724999999999998,-3.3233918818333343,225.24094157379776
mp-973486,LuVO3,0.0,-2.7652327743333336,57.22734779374253
mp-2767717,LuVO3,0.2610999999999999,-3.3613042255833334,215.19981862324127
mp-1206514,Mg3AsN,2.0841,-0.896367267250001,74.42114156493827
mp-2647001,Mg3BiSb,0.1607000000000003,-0.2965509670000003,138.67855834589432
mp-1080847,Mg3SbN,1.2195,-0.6675363140000001,82.0474083873499
mp-10185,Mg3ZnC,0.0,0.1932562419999996,85.58718692460187
mp-998358,MgAgF3,2.1127,-2.748112468333333,63.436080433127024
mp-998418,MgAgF3,2.6793,-2.763148516333332,118.96793829688532
mp-1210575,MgAgF3,0.0,-1.585418812333333,85.15316324173547
mp-1185841,MgAlO3,0.0,-2.537314224,49.60497747034924
mp-1185693,MgBO3,0.0,-1.6999649218333333,37.83958725006121
mp-1199652,MgBO3,0.1886000000000001,-2.531132217583333,417.8595139301743
mp-1185692,MgBeO3,0.0,-1.806537313,42.52784519741567
mp-1185847,MgBiO3,0.0,-1.642190122000001,60.95774362961122
mp-1376863,MgBiO3,0.0,-1.9746601295000008,267.46913094087574
mp-5348,MgCO3,4.9603,-2.442030675000004,92.55709187868769
mp-546079,MgCO3,5.1935,-2.063969041999999,90.76659996550488
mp-2647164,MgCO3,4.8023,-2.127382018166668,546.6588860031457
mp-20424,MgCo3C,0.0,0.064963105000001,53.258819353494175
mp-755711,MgCoO3,0.1622999999999996,-1.7887414135000008,200.25535230021825
mp-756102,MgCoO3,0.0,-1.8003865350000006,182.3366975439391
mp-761524,MgCoO3,0.0,-1.8263638410000005,95.380426271781
mp-1076820,MgCoO3,0.0,-1.3410460300000004,48.94265017651288
mp-1346485,MgCrO3,0.2292999999999998,-2.385637270000001,193.5850866746384
mp-2225290,MgCrO3,0.9534,-2.334485622000001,75.77346345087477
mp-1076317,MgCuO3,0.0,-1.1553887599999997,51.9444260137228
mp-752416,MgFeO3,0.1025999999999998,-1.9471875974999988,224.71514966344785
mp-754508,MgFeO3,0.0266000000000001,-2.008446545999999,104.72919564011151
mp-1076368,MgFeO3,0.0,-1.615973897999999,53.40651528572358
mp-1279364,MgFeO3,0.6024000000000003,-2.0097763885000006,208.4299494710204
mp-1303831,MgFeO3,0.2294999999999998,-2.0095995060000007,207.60205016957303
mp-1372708,MgFeO3,0.0,-1.9728322125000008,186.29789248800395
mp-3047,MgGeO3,2.4744,-2.4243306515,91.20375853022864
mp-3759,MgGeO3,3.6779,-2.533935939999999,101.02990576537422
mp-4575,MgGeO3,2.9034000000000004,-2.55288830975,896.0510826234963
mp-4819,MgGeO3,2.5261,-2.554010083,217.50525204727657
mp-1016827,MgGeO3,1.0860999999999992,-2.040783233,51.40303697478925
mp-1185882,MgHgO3,0.0,-0.9569736345000016,62.73446640003655
mp-29483,MgInBr3,2.0567,-1.474897149833332,583.8730184385521
mp-1185889,MgInO3,0.0,-1.412345633333333,58.57860673893487
mp-1232299,MgInS3,0.0,-0.935372472833332,226.58847478864655
mp-1232193,MgInSe3,0.0,-0.7625553947395829,594.8880359468758
mp-1232401,MgInSe3,0.0,-0.7644344994062493,1133.7556581207348
mp-1237970,MgInSe3,0.0,-0.7754674887395829,288.03260275391074
mp-1016826,MgIrO3,0.0,-1.1880340259999995,60.29937371610635
mp-770581,MgMnO3,0.536,-2.2890054565862066,191.23146819271156
mp-770618,MgMnO3,1.93,-2.3657423915862075,96.25948702724264
mp-976446,MgMnO3,0.0,-1.8755301935862072,52.132135357475256
mp-1185896,MgMoO3,0.0,-1.7874884980000003,64.1182487522513
mp-1342607,MgMoO3,0.0678999999999998,-2.36831869,223.9447580855496
mp-1206415,MgNi3B,0.0,-0.2657708988333326,57.6192627834772
mp-10700,MgNi3C,0.0,-0.1298265439999994,54.164247253077946
mp-1017629,MgNiH3,0.0,-0.2518480137499999,36.39482964119878
mp-1016843,MgOsO3,0.0,-1.3727081539999992,60.0879244515128
mp-675651,MgPS3,2.7986,-1.0524099444285715,218.3408527787415
mp-30943,MgPSe3,2.0382,-0.8816437593348226,249.71224882379616
mp-976722,MgPbO3,0.0,-1.494377025999999,63.06893585101525
mp-1185941,MgReO3,0.0,-1.7264768665,60.35474831531324
mp-1016929,MgRhO3,0.0,-1.2297986799999996,59.32881099084245
mp-1016829,MgRuO3,0.0,-1.4559401199999995,58.5623184227951
mp-769322,MgSO3,4.8986,-2.2741813385,511.06165747636624
mp-769347,MgSO3,5.024900000000001,-2.2581497655,248.290174370196
mp-769397,MgSO3,4.9784,-2.2831668565000007,366.1767312400818
mp-1342178,MgSbO3,0.5657000000000005,-2.1736907725,245.4308162618618
mp-1347225,MgSbO3,1.9971999999999996,-2.2135178034999994,244.8931761482044
mp-1232175,MgScS3,0.0,-1.474565071499999,240.86843499652247
mp-1232226,MgScS3,0.0,-1.577481655499999,632.4799367170557
mp-1232150,MgScSe3,0.0,-1.33802458340625,265.9173497134681
mp-1232171,MgScSe3,0.0,-1.44799918940625,243.8167948310451
mp-12271,MgSeO3,4.0013,-2.0247359364687534,227.0109625140416
mp-3470,MgSiO3,0.0,-3.223359357250002,414.5371506675578
mp-3547,MgSiO3,5.415499999999999,-3.013996862,167.93161695400687
mp-4321,MgSiO3,4.5304,-3.2117683955,201.48154164904648
mp-4391,MgSiO3,4.642499999999999,-2.969918619,84.1979956765026
mp-5026,MgSiO3,4.6064,-3.2227047512499984,428.8623999297255
mp-5834,MgSiO3,4.7002,-3.22317130625,865.7559289834046
mp-5924,MgSiO3,5.7959,-3.1139650550000004,90.81105492543924
mp-530986,MgSiO3,4.5226,-3.12784519325,1558.076480618438
mp-554137,MgSiO3,3.7886,-3.12250530975,441.3797870132442
mp-556940,MgSiO3,3.8758,-3.1218119205,895.4855821140897
mp-557803,MgSiO3,4.6751000000000005,-3.2183982980000017,419.7605203075135
mp-603907,MgSiO3,5.0422,-3.0397481845,194.44017702385625
mp-603930,MgSiO3,4.5448010341874685,-3.2216265490000007,215.11685793979493
mp-642209,MgSiO3,1.4453000000000005,-2.7818747550000005,407.75547752521015
mp-642210,MgSiO3,4.2049,-3.0847477450000005,540.679245915951
mp-642216,MgSiO3,5.0524,-3.1053208200000006,391.2060287080564
mp-642228,MgSiO3,3.1742,-3.025074768125,897.2779016846998
mp-644879,MgSiO3,4.5951,-3.1802107705000005,422.7228741338784
mp-657336,MgSiO3,2.4376,-2.9415574764999994,415.78466050652224
mp-657338,MgSiO3,4.3843,-3.0978662013750005,882.0648952475137
mp-772412,MgSiO3,4.7719,-3.1423193376250005,782.1641212147097
mp-1016928,MgSiO3,2.557100000000001,-2.7637821620000005,43.8830602686278
mp-1020115,MgSiO3,4.535,-3.218253981,880.8185370473699
mp-1020117,MgSiO3,4.5412,-3.21988388775,891.1783782826484
mp-1020118,MgSiO3,4.5556,-3.2125511478750006,851.1953505444209
mp-1020123,MgSiO3,4.411099999999999,-3.2103799204999994,873.6374877360022
mp-1020124,MgSiO3,4.642100000000001,-3.2208457860000004,874.8657585325333
mp-1020125,MgSiO3,4.5929,-3.2198757667499995,889.7182633334282
mp-1020361,MgSiO3,4.5708,-3.22052321525,887.8358053691328
mp-1180468,MgSiO3,0.4428000000000001,-1.5647528595000004,321.5577847395927
mp-1180703,MgSiO3,2.2265000000000006,-2.828551398,217.49262407096256
mp-1181528,MgSiO3,3.0501,-2.930566755500001,516.8651038561686
mp-1182302,MgSiO3,3.2732,-2.93637199525,499.1010859598058
mp-1195746,MgSiO3,4.4998000000000005,-3.20941428075,436.5315647670951
mp-1196002,MgSiO3,4.5845,-3.214198728875,876.3740558702989
mp-1199778,MgSiO3,4.6372,-3.2191607422500006,446.7738891853932
mp-1256030,MgSiO3,1.0261000000000005,-2.789186297,422.5278109317631
mp-769348,MgSnO3,2.0089999999999995,-2.4233324249999995,228.0837393763739
mp-1016820,MgSnO3,0.8352999999999993,-1.866468147,65.21888912494153
mp-1176491,MgSnO3,3.5237000000000003,-2.492748274,113.11787770386655
mp-3771,MgTiO3,3.5295,-3.3629366456666654,102.5186191467851
mp-1016830,MgTiO3,1.6012999999999995,-2.907458666666667,56.73341366101276
mp-1345923,MgTiO3,2.3299,-3.280028918666667,201.89153104024365
mp-1210617,MgTlCl3,4.922000000000001,-1.862807238666668,491.4983577166352
mp-998739,MgTlF3,4.2135,-3.075554446666666,67.74716609914387
mp-1185613,MgTlO3,0.0,-1.1959776046666684,62.50620705278708
mp-1185614,MgUO3,0.0,-2.842065497999999,55.435344139022334
mp-27186,MgVO3,2.6932,-2.768925974,139.19166731988958
mp-545348,MgVO3,0.0,-2.50674272,144.72309292040592
mp-1016886,MgVO3,0.0,-2.2583378260000004,53.97676689030422
mp-1079330,MgVO3,0.0,-2.584205232000001,145.497817784871
mp-1370061,MgVO3,0.6976000000000004,-2.6761094365000004,199.1778067480193
mp-1147661,MgVS3,0.4611,-1.1644089929999992,432.8756477405094
mp-1326513,MgWO3,2.4380000000000006,-2.373189851,227.32519104929565
mp-1413707,MgWO3,0.0,-2.0573592120000006,68.50902686479888
mp-1185612,MgZnO3,0.0,-1.227882606,55.75597083930134
mp-1017000,MgZrO3,0.6316999999999999,-2.835932366,70.61532784659279
mp-aaaieiym,MgZrO3,5.1367,-3.3947902882500003,116.0458279187293
mp-10666,Mn3AgN,0.0,-0.177103101522988,64.17271513476186
mp-4593,Mn3AlC,0.0,-0.1911072477586202,62.13431003614152
mp-1207055,Mn3AlN,0.0,-0.4441548837586211,53.56728453372934
mp-1206774,Mn3AsN,0.0,-0.1773860892586213,56.01451996535521
mp-1206777,Mn3AsN,0.0,1.4824160747413786,110.80654883246628
mp-1210597,Mn3AsN,0.0,1.5392799647413782,92.33601327230426
mp-1207183,Mn3AuN,0.0,-0.3167054950646332,55.87413969149089
mp-510380,Mn3CuN,0.0,-0.2096613521896586,56.131162548276606
mp-1070242,Mn3CuN,0.0,1.6254739518103407,91.74514021857055
mp-20164,Mn3GaC,0.0,1.9174257787413789,98.78219546958816
mp-21313,Mn3GaC,0.0,-0.1196675002586218,62.889959160495465
mp-627439,Mn3GaN,0.0,-0.4428400444396573,63.77125897629563
mp-20180,Mn3GeC,0.0,-0.0572806467586218,54.58494386621112
mp-22706,Mn3GeC,0.0,-0.0831213477586217,112.3991386157726
mp-22492,Mn3GeIr,0.0,-0.043322445758622,288.73741302067094
mp-1205588,Mn3GeN,0.0,-0.283973625758621,111.64270551151652
mp-1206402,Mn3HgN,0.0,-0.1704989831896597,66.16578924560412
mp-21058,Mn3InC,0.0,2.395370928984255,131.21352720941383
mp-1094118,Mn3InC,0.0,0.0809577189842571,61.56740810448699
mp-22502,Mn3IrN,0.0,-0.2183480837586202,59.640907009449926
mp-20362,Mn3NiN,0.0,-0.3452120687729916,56.55628849330412
mp-10198,Mn3PdN,0.0,-0.3006495597586195,61.29580681109912
mp-7070,Mn3PtN,0.0,-0.3808225677586208,62.99165019934082
mp-21186,Mn3RhN,0.0,1.6031144740603422,111.66891035049936
mp-582028,Mn3RhN,0.0,-0.3749270579396551,59.38327023762011
mp-1206805,Mn3SbN,0.0,-0.2067495319396528,59.90094127503973
mp-20330,Mn3SiIr,0.0,-0.2234134327586204,259.2201949728208
mp-1210618,Mn3SiNi,0.0,-0.208188386258621,221.83110278307183
mp-20860,Mn3SnC,0.0,0.0376486019842587,59.02121637937581
mp-1210555,Mn3SnH,0.0,-0.0436452120086201,64.18734843162305
mp-505571,Mn3SnN,0.0,-0.2427322571896553,58.3632572240512
mp-2930,Mn3ZnC,0.0,-0.0041320073814077,58.20974039931948
mp-672229,Mn3ZnC,0.0,2.025808146618593,96.87428019628112
mp-15805,Mn3ZnN,0.0,-0.4505751194396538,62.21347051880614
mp-1206344,MnAgF3,0.0,-1.3393148109195394,85.76087012016227
mp-754229,MnAgO3,0.0,-1.188434382919541,117.6380503297355
mp-774250,MnAlO3,1.5922,-2.673892614586207,97.49613700077629
mp-1258775,MnAlO3,0.9551000000000008,-2.54344941191954,305.46087390949106
mp-1260288,MnAlO3,0.0,-2.4505098525862072,309.96086581966875
mp-1368992,MnAlO3,0.5506000000000002,-2.5723804905862075,200.7303070837377
mp-1399724,MnAlO3,0.0,-1.4306344945862073,53.123452978688
mp-1405591,MnAlO3,0.0114999999999998,2.2314298014137925,97.74293928796553
mp-1444809,MnAlO3,0.0,-2.449177838586207,103.62430347666456
mp-25296,MnBO3,0.5716720976472087,-2.2033070257528737,187.8965140668545
mp-761288,MnBO3,0.0,-2.3846712134195407,95.0344835636498
mp-1185996,MnBO3,0.0,-1.34809716641954,39.20780690160286
mp-1278986,MnBO3,0.5985999999999998,-2.3967540239195406,190.43316385079183
mp-1289597,MnBO3,0.1516999999999999,-2.40872377791954,181.03091068377705
mp-23477,MnBiO3,1.4751000000000003,-1.805967582586208,258.5904657881425
mp-556711,MnBiO3,0.8820000000000006,-1.736261732086208,554.7820297592973
mp-1105271,MnBiO3,0.0,-1.808453582086208,249.33978286772785
mp-1106239,MnBiO3,0.0958000000000005,-1.804228887586208,257.3938245834839
mp-1194603,MnBiO3,1.90163571702498,-1.807916171586208,510.9941217546845
mp-1202955,MnBiO3,0.0,-1.7993203339612074,1024.836271058061
mp-18814,MnCO3,3.2291,-2.0129846365862107,102.1728891545014
mp-690525,MnCO3,3.3381,-1.9315644385862083,112.07515008417518
mp-695863,MnCO3,0.0,-0.6738876455862084,116.31961901016837
mp-1078473,MnCO3,3.0809,-1.9826852695862087,223.19762703076924
mp-1180142,MnCO3,0.3706,-0.968526176586208,187.94551947486116
mp-1180143,MnCO3,0.1574999999999999,-1.7404825420862082,220.2470247640224
mp-1271783,MnCO3,3.975,-1.9830780760862083,222.95507445916132
mp-1016854,MnCdO3,0.0,-1.411691312586207,55.42670862107124
mp-546798,MnClO3,2.0431,-0.717492258586207,204.6770351595788
mp-1210746,MnCo3C,0.0,0.0712030794137916,52.91784987325274
mp-20641,MnCoO3,0.0,-1.6499188855862066,96.19991342161018
mp-1181286,MnCoO3,0.0,-1.559977506586207,105.46988977428497
mp-1176440,MnCuO3,0.0,-1.4268015265862068,100.47714229378938
mp-674482,MnFeO3,0.8193000000000001,-1.8242596138362075,435.4285158171741
mp-759744,MnFeO3,0.0642999999999993,-1.793922999836208,438.4171179541389
mp-1176435,MnGaO3,1.2823000000000002,-2.060712347086208,109.68179486463096
mp-20798,MnGeO3,1.7270000000000003,-2.135882778586208,104.25051788767348
mp-643577,MnGeO3,0.5428999999999995,-2.120971136336208,970.5978536731131
mp-1106201,MnGeO3,1.0952000000000002,-2.1237058905862085,236.28735002760635
mp-1080187,MnHgO3,0.0,-1.0448124030862085,58.70689215358241
mp-28912,MnInBr3,1.6242,-1.0712479109195414,582.9885617523072
mp-998241,MnInF3,2.4765,-2.5023069019195403,80.12432855464112
mp-1099572,MnInF3,0.0010000000000003,-2.50235816591954,79.9998764939565
mp-1422819,MnInF3,2.4617000000000004,-2.50231396791954,79.85800960507555
mp-550807,MnInO3,0.0,-1.98190778291954,122.7676728343874
mp-882825,MnInO3,0.9206999999999992,-1.9894369402528755,349.5611823090674
mp-1193780,MnInO3,0.8029999999999999,-1.9873543075862077,364.4210670563086
mp-2767681,MnInO3,0.2832999999999996,-1.9932126471465492,349.5686323507978
mp-1069129,MnNCl3,0.0,0.1331764834137935,91.38635296225011
mp-1180177,MnNCl3,0.0,0.0391670959137933,419.0322664163466
mp-1190482,MnNCl3,0.0,-0.1953435900862068,437.2693474462951
mp-1069166,MnNF3,0.0,-0.7130056635862075,63.19079464624045
mp-1078939,MnNF3,0.0,-1.0919636665862071,127.73503520091803
mp-1180159,MnNF3,0.0,-1.0930813575862075,128.33476003985544
mp-1180181,MnNF3,0.0,-1.0922429670862073,257.5860831182479
mp-1180187,MnNF3,0.0,-1.084378401586207,255.38977736951253
mp-19331,MnNiO3,0.0,-1.6192723405862082,94.5143295599752
mp-1180705,MnNiO3,0.0,-1.365809642586207,113.1675106350474
mp-1221601,MnO3F,1.9485,-1.1261078765862067,183.66335202383635
mp-1210723,MnPO3,0.6749,-2.162157954264779,587.5026012117828
mp-8613,MnPS3,0.1461999999999998,-0.7070548570147779,216.04569066551983
mp-1232516,MnPS3,1.0297999999999998,-0.7003915400147775,445.1147670502097
mp-8695,MnPSe3,0.0,-0.540280136921028,244.9209521271508
mp-37214,MnPbO3,0.0,-1.6013538525862068,59.98921218214787
mp-510672,MnPbO3,0.5027999999999997,-1.6433221259195392,375.8712283419961
mp-1106337,MnPbO3,0.0,-1.638228624586207,308.609254869293
mp-1188613,MnPbO3,0.0,-1.655090434586206,317.29380021179304
mp-27818,MnSO3,4.0952,-1.8722175445862064,566.8840743222142
mp-560522,MnSO3,3.3555,-1.87204651541954,403.6738695338799
mp-22224,MnSeO3,2.8433,-1.6306255100549572,258.3349772746768
mp-1199914,MnSeO3,2.6527000000000003,-1.642958424304944,590.79741054001
mp-1202364,MnSeO3,2.3430000000000004,-1.650879934554944,571.6395348681683
mp-5945,MnSiO3,2.6058,-2.789071418443349,845.7293596037858
mp-17766,MnSiO3,2.6808,-2.7799682360862072,461.88819584845714
mp-532143,MnSiO3,2.4641,-2.7138304137112064,834.8583658931389
mp-560199,MnSiO3,1.6711,-2.7889773923862085,578.7322873198204
mp-647680,MnSiO3,0.0301999999999997,-2.488644065786208,626.6284323257277
mp-1172857,MnSiO3,0.0,-2.7799335770862066,456.7632794800455
mp-1180172,MnSiO3,1.173109878688468,-2.502355653786208,609.8634474858729
mp-1180212,MnSiO3,0.3329,-2.426283551986208,681.8804565771652
mp-1181218,MnSiO3,1.9295,-2.681000550786208,638.2667983305516
mp-1289249,MnSiO3,2.6777999999999995,-2.7833671795862083,230.971425468214
mp-20569,MnSnO3,0.9231999999999996,-2.083893312586208,120.55503457779892
mp-691106,MnSnO3,0.2294,-2.0615737155862064,123.04270445239978
mp-1181816,MnSnO3,0.1836000000000002,-1.9298034005862064,177.68584537215784
mp-1176417,MnTeO3,3.0072,-1.7398498084195402,269.1702663497081
mp-1210642,MnTeO3,0.3620999999999998,-1.544032518419541,264.1434784599895
mp-30528,MnTlCl3,1.2858,-1.4157494697528747,499.51638204745547
mp-570290,MnTlCl3,1.1477,-1.4108339282528746,130.26778865164184
mp-570300,MnTlCl3,1.9323,-1.440141706252875,505.0186013250548
mp-998762,MnTlF3,2.6304,-2.5955563612528705,75.96225372325314
mp-23443,MnTlI3,0.0,-0.7532598612528751,727.3509935591042
mp-753819,MnTlO3,0.0,-1.4952250872528758,242.41609277219445
mp-768374,MnTlO3,0.0,-1.526403397252875,391.17953872103993
mp-768432,MnTlO3,0.0,-1.435292228252876,135.57096356514623
mp-770870,MnTlO3,0.0,-1.503441377252876,240.1313074111218
mp-1311921,MnTlO3,0.0,-1.4931271957528758,245.09240312916103
mp-1106224,MnVO3,0.3157000000000005,-2.2847561460862083,209.74885247726263
mp-754318,MnZnO3,1.8749,-1.813649822586208,97.48952847675996
mp-772528,MnZnO3,0.1149,-1.7210616045862075,195.097888591396
mp-1016932,MnZnO3,0.0,-1.2582711465862069,52.26198479368501
mp-1221539,MoBr3O,0.5542999999999998,-0.8308605774999996,540.9740629840984
mp-23528,MoCl3O,2.4544,-1.0379848555000002,555.075410379694
mp-1221516,MoHO3,0.7623,-1.67037852725,117.51072688341688
mp-23396,MoNCl3,1.6768,-1.0230918349999982,522.9331863949631
mp-1186106,MoPbO3,0.0,-1.6831714089999992,69.30224559771202
mp-1247498,MoRuN3,0.0948999999999999,0.103118169999999,301.9051824614328
mp-1247512,MoWN3,0.0,-0.1606929399999998,297.3243491899776
mp-754712,NClO3,2.943,-0.5215983290000097,317.0995060042593
mp-1070665,NClO3,0.0,0.8901516479999998,103.60083975173724
mp-1180300,NClO3,1.9824,-0.424676556,93.27013631263736
mp-1180304,NClO3,0.0,0.1899251119999995,72.92919995836986
mp-985586,Na3BrO,1.8815,-1.5090731208275874,93.15250142153528
mp-28602,Na3ClO,2.0519000000000003,-1.5748107458275868,88.63996781954468
mp-769398,Na3IO,1.6772,-1.3763161214942543,632.4153722168103
mp-1186101,NaAgO3,0.0,-0.4069518616091948,69.5491383976443
mp-1186097,NaAlO3,0.0,-2.126357671275862,52.91937215852767
mp-17868,NaAsO3,2.8628,-1.8849056684425305,419.5407583073476
mp-976133,NaAsO3,0.0,-1.5804747567758626,51.44697090838285
mp-28614,NaBPt3,0.0,-0.5153459865000002,148.03060366727956
mp-23729,NaBeH3,0.9148,-0.1471747340258616,37.356573813701
mp-976185,NaBeO3,0.0,-1.3259805522758623,46.24388611464273
mp-23054,NaBiO3,1.1050999999999995,-1.5802607072758668,143.40569727537377
mp-23339,NaBrO3,4.4812,-0.9990614762758618,292.7753204813731
mp-608595,NaBrO3,0.0807999999999999,-0.5005880197758621,431.4543156098146
mp-1180213,NaBrO3,0.0,-0.2990508292758619,437.1897955852083
mp-1189541,NaBrO3,4.5937,-0.8668676952758624,470.7613416419403
mp-1413617,NaBrO3,0.0,-0.3898898917758622,431.45686717560193
mp-727242,NaCO3,0.6705999999999999,-1.7854404442758622,247.2293722925607
mp-1120755,NaCO3,0.6623,-1.7872486782758614,123.79553348782788
mp-1078750,NaCaH3,1.9794,-0.45282583575,146.43154147327678
mp-1078933,NaCaH3,3.3120000000000003,-0.4469031037499995,151.7447053882922
mp-1221112,NaCaN3,0.0,1.3626131663764354,398.3840798638558
mp-1186118,NaCaO3,0.0,-1.3200906192758624,91.52885364358448
mp-4360,NaCdF3,3.482,-2.6605154452758635,141.76141001603943
mp-1180887,NaCdF3,3.5602,-2.5716023462758613,214.39904706011885
mp-976293,NaCdO3,0.0,-0.608163461275862,77.1257750075502
mp-23330,NaClO3,5.6332,-1.082864028810345,299.3654104053254
mp-555726,NaClO3,5.7194,-1.0454200482758622,379.5023232314643
mp-630949,NaClO3,0.0,-0.5410319407758621,358.5968841708099
mp-655586,NaClO3,0.5132000000000001,-0.603369735775862,388.610690384052
mp-1180278,NaClO3,1.20220110092233,-0.7007909807758622,523.6635832390654
mp-1180505,NaClO3,0.6226999999999999,-0.4119485227758623,451.3193064474567
mp-2720358,NaClO3,6.3141,-1.083986653275862,274.48534010952795
mp-21404,NaCoF3,2.0659,-2.596379618275865,230.6016740543089
mp-1078336,NaCoF3,2.2744,-2.591332560275865,112.06779320672788
mp-1186126,NaCoO3,0.0,-1.059370683275862,53.30039279125477
mp-1076642,NaCrO3,0.0,-1.7081399252758616,52.65299502293593
mp-17869,NaCuF3,0.0808999999999999,-2.3035324117758624,230.8146690812994
mp-505085,NaCuF3,0.6678000000000001,-2.2992211597758616,229.3492405890192
mp-505066,NaFeF3,1.8013,-2.7367916667758623,237.7315982829464
mp-1078217,NaFeF3,2.2462,-2.7372065042758624,115.10438847491388
mp-754915,NaFeO3,0.0,-1.3830832832758615,117.72311852213568
mp-1186134,NaFeO3,0.0,-1.2927127112758618,56.203056881149166
mp-13674,NaGeAu3,0.0512000000000001,-0.266376418249996,750.0484566210226
mp-1186133,NaGeO3,0.0,-1.694647066275862,53.35964417444054
mp-608490,NaHgCl3,2.5237,-1.3895185792758635,573.5443358061943
mp-22989,NaIO3,3.705,-1.3185838792758635,291.5189696258693
mp-545825,NaIO3,0.0,-0.2879305882758622,96.75489601607242
mp-559252,NaIO3,3.3955999999999995,-1.1852968272758624,355.2514108029106
mp-1186138,NaInO3,0.0,-1.1740248766091952,76.16468912288676
mp-1079568,NaIrO3,0.0,-1.471872186275862,111.77425064239516
mp-975990,NaLiO3,0.0,-0.7349942879425285,56.52694344651089
mp-3346580,NaMgCl3,6.2579,-2.058663398500001,679.3664858844925
mp-2955,NaMgF3,6.7529,-3.4881816627758617,220.21913509636192
mp-12948,NaMgF3,6.620699999999999,-3.456780635275861,107.30644050924076
mp-560399,NaMgF3,5.926200000000001,-3.446533860275862,61.66915483455445
mp-23730,NaMgH3,3.103,-0.2970416615258617,219.6967429733817
mp-976775,NaMgO3,0.0,-1.3864684962758624,64.85162171421845
mp-27176,NaMnCl3,0.3311999999999999,-1.7351495408620683,231.15283364081068
mp-560242,NaMnF3,2.7474000000000003,-2.963630420862072,249.6509950167216
mp-998627,NaMoO3,0.0,-2.0230170422758618,119.8161344596492
mp-1040471,NaMoO3,0.0,-2.014921025275862,61.57755902520197
mp-4531,NaNO3,2.9451,-1.3631969692758623,240.02135177682453
mp-674297,NaNO3,2.5717,-1.353750147275862,533.4132294446556
mp-1173585,NaNO3,2.7742,-1.350257228275862,268.85574931156384
mp-1220986,NaNO3,2.8579,-1.3521135182758628,62.10209025539654
mp-2767672,NaNO3,3.5746,-0.9946138930000004,479.7522399990448
mp-3346497,NaNO3,3.5713,-0.9933755762499998,479.4757792710996
mp-3136,NaNbO3,1.5312,-2.8004837412758627,64.44912652017267
mp-3671,NaNbO3,2.3565000000000005,-2.8430816582758616,481.9706707968925
mp-4419,NaNbO3,1.5628,-2.8139637402758617,124.81392265583447
mp-4514,NaNbO3,2.7818,-2.844822765275861,121.69003756668432
mp-4681,NaNbO3,2.3684000000000003,-2.842414990275862,241.4973383034404
mp-4748,NaNbO3,1.6833000000000002,-2.818122026275862,247.43532826035175
mp-558920,NaNbO3,2.4098,-2.8430075657758613,482.5297952992486
mp-559354,NaNbO3,1.8833,-2.805655039775862,260.55339819617905
mp-1078295,NaNbO3,3.8377,-2.8416808352758616,129.43938864437823
mp-1105765,NaNbO3,1.865,-2.819604603275862,246.90213602096875
mp-1188528,NaNbO3,2.853,-2.841942180775862,240.3429142597092
mp-1189194,NaNbO3,1.6606999999999998,-2.8152799547758627,252.06532184664687
mp-1190015,NaNbO3,2.2326,-2.841177874775861,240.47507264074596
mp-1194823,NaNbO3,1.7153000000000005,-2.819788799275864,1520.8843988781505
mp-1195803,NaNbO3,1.6547999999999998,-2.8194683306091965,755.5617916483899
mp-1198142,NaNbO3,1.7341,-2.8164608647758635,1499.283297862638
mp-1199037,NaNbO3,1.7575,-2.8023420785258617,519.1161887785881
mp-1199593,NaNbO3,1.6316000000000002,-2.8121190884008618,1002.3876037534604
mp-1203293,NaNbO3,1.7941,-2.8202519967758635,1497.3537389130663
mp-1977728,NaNbO3,1.6644,-2.815414552275862,126.03267710912635
mp-561480,NaNiF3,0.0,-2.592852457775865,222.59031671509968
mp-1078237,NaNiF3,5.1242,-2.587333443275865,108.50646654527404
mp-1186154,NaNiO3,0.0,-0.7456776872758617,55.793589759155374
mp-998624,NaOsO3,0.0,-1.6410638067758618,109.94323616993223
mp-1040464,NaOsO3,0.0,-1.615496229275862,58.26098792489951
mp-1105218,NaOsO3,0.0,-1.650550865775862,216.535872538876
mp-35683,NaPF3,0.9889,-2.198940814204433,108.11031678827725
mp-4734,NaPO3,4.971,-2.6334969231211014,510.7728274098804
mp-555118,NaPO3,5.081,-2.6367091997044345,788.6158193446041
mp-558192,NaPO3,5.146199999999999,-2.637670223371102,505.43098701036615
mp-648053,NaPO3,4.7410000000000005,-2.6064300622044336,565.0118887456335
mp-648072,NaPO3,4.7362,-2.5864494667044333,598.4600564804748
mp-864891,NaPO3,5.130199999999999,-2.645570333871101,372.3163392445141
mp-1189520,NaPS3,1.988,-0.8659379022044327,485.6658878761321
mp-865120,NaPaO3,2.952,-3.440691451275864,81.04148454461952
mp-1186153,NaPbO3,0.0,-1.0885043992758618,79.72380712196995
mp-1220961,NaPdF3,0.7322,-2.089035772275861,276.9313102646518
mp-1377793,NaPdF3,0.0,-0.7178904382758617,298.4080166874068
mp-976968,NaPdO3,0.0,-0.7681646372758621,63.576091389022885
mp-976952,NaPuO3,0.0,-2.8284551690258604,74.43174874793523
mp-976923,NaReO3,0.0,-2.0725533177758626,58.75561985187984
mp-977107,NaRuO3,0.0,-1.5186216712758622,57.84641929357169
mp-4482,NaSbO3,2.6988000000000003,-2.056832527275863,128.83098377675014
mp-20011,NaSbO3,1.4696000000000002,-2.001695280275862,280.07343441656303
mp-22212,NaSbO3,1.2824000000000004,-1.9649369122758624,236.38441497374964
mp-752755,NaSbO3,1.7037000000000004,-2.019996428775863,245.37903407747345
mp-760994,NaSbO3,1.9296,-1.991177240609196,426.4461561679336
mp-728664,NaSeO3,3.0914,-1.497195065494612,800.7986900801808
mp-1197679,NaSeO3,0.333,-1.377253598244612,686.9175203566101
mp-13673,NaSiAu3,0.0,-0.3040918559999966,721.4973938690383
mp-1186167,NaSiO3,0.0,-2.3545241452758625,45.165596736968496
mp-977112,NaSrO3,0.0,-1.3031100132758624,74.52969847814956
mp-3858,NaTaO3,2.5926,-3.0629922962425296,234.06103598567563
mp-4170,NaTaO3,2.2596,-3.0352381667425306,61.52965494459861
mp-4675,NaTaO3,2.2808,-3.053653402742529,118.77001155706728
mp-4699,NaTaO3,2.3891,-3.0596627382425283,235.85405428360804
mp-676280,NaTaO3,3.4067,-2.9673433682425285,583.5490824437464
mp-730333,NaTaO3,0.0,0.1246855432574719,581.7432250726712
mp-754818,NaTaO3,2.7139,-2.976234489742528,289.20701886028814
mp-977176,NaTcO3,0.0,-1.9720650402758624,55.54069588597196
mp-977117,NaTeO3,0.0,-1.5835671506091955,67.23886247503413
mp-1120777,NaTiF3,0.0,-2.919283555942529,71.89368464879401
mp-977123,NaTiO3,0.0,-2.6398087499425293,59.42551848449956
mp-5788,NaUO3,0.4297000000000004,-3.287362495775843,280.2986898886754
mp-20572,NaVF3,0.6978,-2.898706429275863,72.39893494667842
mp-1120756,NaVF3,1.5126999999999995,-2.9900563372758624,240.0279752499301
mp-19083,NaVO3,3.2386,-2.375747678275863,276.591046048342
mp-555665,NaVO3,3.0358,-2.369992200775863,274.58999218475816
mp-763901,NaVO3,3.2064000000000004,-2.3327342362758627,316.27260229803306
mp-1099591,NaVO3,0.2167999999999996,-2.233827591275862,53.74520795448292
mp-1101657,NaVO3,3.2243,-2.332874732775862,316.5071104649094
mp-19328,NaWO3,0.0,-2.1069623652758613,62.5512945491811
mp-1186199,NaYbO3,0.0,-1.9947723922500016,80.10341817872687
mp-3795,NaZnF3,3.7595,-2.7635340192758635,230.075798391036
mp-1180211,NaZnO3,0.0,-0.9150081555258616,586.523426543158
mp-1186198,NaZnO3,0.0,-0.8489366432758623,59.64653996336372
mp-1220590,Nb3SnH,0.0,-0.2790580477499986,156.21759025793267
mp-1220523,Nb3ZnAu,0.0,-0.0793053,346.59384013194824
mp-5537,NbAgO3,1.7871,-2.180191696583333,513.7503278083724
mp-12725,NbAgO3,1.3336,-2.1477799273333327,65.1582457381741
mp-557680,NbAgO3,0.8148999999999997,-2.1479746193333336,136.91213819505973
mp-1203481,NbAgO3,1.7362135447607383,-2.1791203570833324,514.8489876818318
mp-1205362,NbAgO3,0.9892,-2.1678281273333333,254.284099930991
mp-1220387,NbAgO3,1.0242999999999998,-2.165201552333333,127.91798090285629
mp-2349989,NbAgO3,0.9214,-2.151860956333333,137.02715410739583
mp-1206988,NbBRh3,0.0,-0.2695173258333326,69.5567998067079
mp-1186216,NbBiO3,0.0,-1.9998158110000013,69.41198791748614
mp-606393,NbBr3O,1.9659,-1.4951964894999996,555.4137196249857
mp-1220556,NbBr3O,2.2437,-1.4990817360000015,561.5928537936711
mp-27815,NbCl3O,2.4039,-1.7528255065000002,484.2690601611291
mp-556422,NbCl3O,2.8075,-1.7612624100000012,494.8461782771093
mp-1079356,NbCrN3,0.0,-0.4057585997111118,113.23753899361908
mp-17272,NbCuO3,0.959,-2.2995771384999992,279.1947379777856
mp-1186220,NbFeO3,0.0,-1.910904074999999,64.17497521827609
mp-33932,NbHO3,2.6276,-2.4743070367499995,235.8737322671157
mp-626528,NbHO3,2.5171,-2.46286384725,240.27639176242727
mp-626536,NbHO3,0.0005000000000001,-2.4292104282500007,239.4759571660732
mp-673347,NbHO3,0.0,2.35730611925,239.4759759026793
mp-1372548,NbHO3,0.0,1.4863064852499996,240.27644743793323
mp-546285,NbI3O,0.8189,-1.1779615770000007,336.66607214499976
mp-1247545,NbMoN3,0.0,-0.5634068119999995,236.50518596334837
mp-1220398,NbMoS3,0.0,-1.1827170364999986,175.55002194293814
mp-1220396,NbMoSe3,0.0,-0.7577765071041597,201.27830528647027
mp-753785,NbOF3,3.2629,-3.25868748,337.99659791129244
mp-753800,NbOF3,3.6646,-3.281016781500001,386.03406806143937
mp-760762,NbOF3,3.6434,-3.2923874789999994,267.8909909292388
mp-762371,NbOF3,3.9131,-3.2054162645,314.2986318799631
mp-1094112,NbOF3,4.2176,-3.085184209,129.6522456774678
mp-1101450,NbOF3,2.0803000000000003,-3.203989502,70.08291592913585
mp-2767167,NbOF3,4.1307,-3.242645672499999,348.4403598119172
mp-22351,NbRu3C,0.0,-0.0560918159166675,67.17781588639421
mp-23498,NbSeBr3,0.7363999999999999,-1.1669256049687504,614.9830639574155
mp-570270,NbSeCl3,0.7559,-1.4694263454687486,537.9559870590768
mp-541817,NbSeI3,0.6270000000000002,-0.7582835054687471,728.4732351623243
mp-28038,NbTeBr3,0.5947,-1.090770097333332,643.0609971097618
mp-540924,NbTeI3,0.4577999999999997,-0.6859017873333322,766.6170222348449
mp-757636,NbTlO3,0.7458,-2.4531456029166656,622.4098078179816
mp-977408,NbTlO3,0.1116000000000001,-2.362471505666668,69.35312692633802
mp-1101462,NbTlO3,0.946658554294193,-2.451774461666667,621.9806468162132
mp-1247532,NbWN3,0.0,-0.6938360017250005,137.75807930158786
mp-571330,Nd3AlC,0.0,-0.282441754499996,132.660519887727
mp-21910,Nd3AlN,0.0,1.0081837125833315,170.0348707903528
mp-10280,Nd3GaC,0.0,1.098889661191666,166.64131171629958
mp-636273,Nd3GaN,0.0,0.7890705269861144,166.83452667191392
mp-20385,Nd3InC,0.0,-0.4734112364999987,135.0999557994711
mp-606671,Nd3InC,0.0,1.5286651975000012,232.6909891185906
mp-21022,Nd3InN,0.0,-1.0463975882499994,127.13188780825314
mp-623448,Nd3InN,0.0,1.188184363749997,228.32308485838632
mp-20808,Nd3PbC,0.0,1.404299619433334,204.1970384838459
mp-19778,Nd3PbN,0.0,1.1442248177500003,205.21101794902825
mp-1094101,Nd3PbN,0.0,-1.0632483882500026,126.51154360060356
mp-20423,Nd3SnC,0.0,1.4181904355000008,197.0610633298339
mp-22350,Nd3SnN,0.0,1.1164268275000004,198.6195976659214
mp-1094085,Nd3SnN,0.0,-1.0218133365000006,125.00168075753312
mp-21854,Nd3TlC,0.0,1.6074874678333324,197.7087028646502
mp-22496,Nd3TlN,0.0,1.272201009833332,198.52126663534412
mp-1069375,NdAl3Cu,0.0,-0.5185515034999995,94.20314628104155
mp-5899,NdAlO3,4.3543,-3.672470181499995,105.74913460950464
mp-14254,NdAlO3,2.863600000000001,-3.6449792645,104.23401901492896
mp-7238,NdBO3,4.6984,-3.4669063223333345,234.24651458020253
mp-13514,NdBO3,5.0694,-3.465548755833333,241.1393956884068
mp-10120,NdBPd3,0.0,-0.5577394313333321,84.20955608184157
mp-11597,NdBPt3,0.0,-0.8671155033333349,82.2434325745782
mp-3591,NdBRh3,0.0,-0.6962872313333321,75.8563387221127
mp-1188683,NdBS3,2.3669,-1.546676906833332,407.9087938977532
mp-975579,NdBeO3,0.0,-2.870313715499999,49.03424578850867
mp-974740,NdBiO3,0.0,-1.8853988484999995,87.2729081436746
mp-14625,NdCoGe3,0.0,-0.5622354905000002,90.40466036820597
mp-20031,NdCoO3,0.791412993383716,-2.4428106284999997,54.95630053384298
mp-22599,NdCoO3,1.2315999999999994,-2.520969372499944,217.35679852411133
mp-570956,NdCoSb3,0.0,-0.6418295726666571,961.2078927610958
mp-1069204,NdCoSi3,0.0,-0.6135868985000001,81.0754512866065
mp-13008,NdCrGe3,0.0,-0.4031874843333327,189.2826475465556
mp-19062,NdCrO3,1.904166774552123,-2.998728588500001,59.40619598973787
mp-19269,NdCrO3,2.54,-3.141842748000002,231.4476988922669
mp-15931,NdCrS3,0.0,-1.6851896454999995,385.8223979939419
mp-1209908,NdCrSb3,0.0,-0.5883945329999989,509.9248988779991
mp-864797,NdCrSe3,0.0,-1.4894970704062491,443.3092752421137
mp-1173386,NdCuO3,0.3192000000000004,-2.383346919,242.82958559708263
mp-20407,NdFeO3,1.7311,-2.7764059704999995,239.47778048389097
mp-601267,NdFeO3,0.0,-2.1327073715,281.6516760553194
mp-1180433,NdFeO3,1.4324,-2.270245335,286.9734639769192
mp-569211,NdFeSb3,0.0,-0.5835571008333318,1465.824656550869
mp-1201926,NdFeSb3,0.0,-0.6005669652499996,949.2335247839098
mp-1220217,NdGa3Ag,0.0,-0.4903200108333152,104.66460460998466
mp-1220156,NdGa3Au,0.0,-0.5991544979999958,99.61985183812423
mp-1220168,NdGa3Cu,0.0,-0.5747703575000003,91.4143083837758
mp-1220163,NdGa3Ni,0.0,-0.5353775919999997,91.9462943326596
mp-1220188,NdGa3Ni,0.0,-0.6084254080000001,90.36923130438711
mp-1220159,NdGa3Pd,0.0,-0.6871259559999985,94.8706734849257
mp-1220160,NdGa3Pt,0.0,-0.7241500480000014,94.41707543360758
mp-3196,NdGaO3,3.4525,-3.053719460000001,239.71243428239345
mp-9834,NdGaO3,0.0,-1.6210627000000002,95.05693542411396
mp-975347,NdGeO3,0.0,-2.4914131235,62.49751342505111
mp-1212693,NdIn3Pt,0.0,-0.5812885024999985,960.7273335345284
mp-755138,NdInO3,2.6533,-2.8730843203333314,273.9447173906445
mp-1186316,NdInO3,1.6467999999999998,-2.4629611318333327,71.77626339859677
mp-1209937,NdLuO3,4.8869,-3.929992729833333,285.39559924848294
mp-1080801,NdLuS3,0.8064688780342011,-2.393805068520831,229.2172177112924
mp-1205870,NdLuS3,0.701195210658585,-2.25676356152083,238.46183266574303
mp-13327,NdLuSe3,0.4954999999999998,-2.1870565612708304,259.74459154094785
mp-975521,NdMgO3,0.0,-2.8331640495,59.72154240182355
mp-1232174,NdMgS3,0.2931000000000003,-1.5213862109999987,554.5831204551303
mp-1232282,NdMgSe3,0.0,-1.3728777749062495,299.5298954630232
mp-1232357,NdMgSe3,0.0,-1.4676961559062496,842.4091085151018
mp-20852,NdMnO3,1.898,-2.963478812086206,235.65668274841263
mp-1182197,NdMnO3,0.0,1.0075757114137929,4031.418295284199
mp-1189476,NdMnO3,0.0,-2.9521364435862063,245.8117810255985
mp-1079171,NdNiGe3,0.0,-0.5975572325000016,186.70657429775883
mp-22106,NdNiO3,0.0,-2.4252667110000004,220.61318188350728
mp-571167,NdNiSb3,0.0,-0.7336338969999929,1456.321840562447
mp-1186312,NdNpO3,0.0,-2.47421357225,90.83334720707876
mp-1186326,NdReO3,0.0,-2.209266685,64.03615080453494
mp-16287,NdRh3C,0.0,-0.3856343385000016,74.45368025418045
mp-4582,NdRhO3,0.6487000000000007,-2.495162424000007,243.69214839187956
mp-1206341,NdSbO3,0.0,-2.075499448499999,78.48933829513199
mp-31117,NdScO3,4.3025,-3.896463977999999,260.34020981921844
mp-1105614,NdScS3,1.8593,-2.2968335371874984,446.28172692860926
mp-1070369,NdSi3Ir,0.0,-0.8150960915000021,88.58005886046315
mp-1068775,NdSi3Os,0.0,-0.6619118265000026,89.46130959284294
mp-1070321,NdSi3Rh,0.0,-0.7982661274999991,87.6708021163585
mp-1069041,NdSi3Ru,0.0,-0.7120262575000027,88.23381749538274
mp-1206778,NdSiPt3,0.0,-1.0553892934999964,91.54493038014084
mp-1198161,NdSn3Ru,0.0,-0.4773153712500012,928.7575958681322
mp-1186324,NdTaO3,0.0,-2.9749601119666678,66.58145441296672
mp-3119,NdTiO3,0.0,-3.5669305371666677,248.04775756381773
mp-1197152,NdTmS3,0.9408999999999996,-2.388258648937497,907.4488182593524
mp-977446,NdVGe3,0.0,-0.5023238004999981,188.2161949033719
mp-19253,NdVO3,0.0,-2.9980508305,60.39214532814181
mp-541129,NdVO3,1.5603999999999996,-3.221048318000001,238.6073389614317
mp-673854,NdVSb3,0.0,-0.4088587073333343,510.9444576243474
mp-1173468,NdVSb3,0.0,-0.0708014538333344,579.9822844673239
mp-756246,NdZrO3,0.0509000000000003,-3.5634469955,310.4431765214905
mp-771131,NdZrO3,0.0,-3.4495078855,142.99614026070765
mp-1101702,NdZrO3,0.0,-3.4495574815,572.5350578135857
mp-8370,Ni3GeC,0.0,0.1222622124999986,55.25013919271214
mp-1247483,Ni3SbN,0.0,0.0608128383333337,60.58378016040618
mp-1017632,Ni3SnN,0.0,-0.073574104,59.70852586702557
mp-998365,NiAgF3,0.0,-1.8295615573333333,64.1899796712093
mp-998429,NiAgF3,0.7610000000000001,-1.8558230593333327,127.18444673047424
mp-1209766,NiAgF3,0.0,-0.8964378293333329,82.154028290048
mp-976763,NiAsO3,0.0,-0.5246274505000009,50.50426706330274
mp-23532,NiBiO3,0.0,-1.3208625715000004,238.69387762853077
mp-25096,NiBiO3,0.3548,-1.3333109585000005,239.4179579943805
mp-998363,NiBiO3,0.0,-1.2268091950000006,59.39466570278917
mp-998527,NiBiO3,0.0,-1.3545721570000029,113.53038155551552
mp-1105718,NiBiO3,0.0,-1.3448346740000006,244.8404323740434
mp-19147,NiCO3,0.0,-1.654219305000001,88.94505301232424
mp-1246271,NiMoN3,0.0,0.0987696999999997,372.1998249041856
mp-977100,NiMoO3,0.0,-0.7638746130000008,60.589080202351056
mp-1205931,NiNCl3,0.0,0.3626062830000002,194.36204865889812
mp-1068795,NiNF3,0.0,-0.0911784840000002,60.64458568911548
mp-1192886,NiNF3,0.0,-0.3803549926666666,372.4108054810208
mp-676040,NiPS3,0.0,-0.5187086114285705,194.28794119527507
mp-1079754,NiPSe3,0.0,-0.1743491095327357,217.80825323611083
mp-974108,NiPbO3,0.0,-0.922363726999999,55.33047026641992
mp-1078668,NiPbO3,0.0,-1.2893221969999984,117.63280280756857
mp-1186345,NiPdO3,0.0,-0.1428195049999999,50.24692203567436
mp-1186112,NiPtO3,0.0,0.1992075730000003,61.83793399368838
mp-976848,NiRuO3,0.0,-0.1610819270000007,51.38110012193622
mp-1186113,NiSbO3,0.0,-0.9570173989999994,54.94858203961168
mp-20460,NiSeO3,0.0,-1.2551043404687503,217.56136685478137
mp-572987,NiSeO3,2.9171000000000005,-1.1891405600937497,1093.2087541890753
mp-754654,NiSnO3,1.7891000000000004,-1.7255442970000003,231.0668176468014
mp-1209810,NiTeO3,2.5735,-1.372126153333333,239.58321700617805
mp-1209979,NiTeO3,0.0471000000000003,-1.1311058653333332,251.4063458923953
mp-1210158,NiW3N,0.0,0.0008124004166631,257.5142645208167
mp-1186110,NpAlO3,0.0,-3.2910525867500007,53.406004744739306
mp-977058,NpBO3,0.0,-2.262327972583333,45.70062729266607
mp-973930,NpBeO3,0.0,-2.969447077750001,45.490614274963896
mp-1186320,NpHgO3,0.0,-2.379468141250002,77.6902836757368
mp-1186334,NpMoO3,0.0,-2.092779536750001,65.25116984680244
mp-973919,NpOsO3,0.0,-1.6420311667500005,63.208168245276845
mp-1186329,NpRuO3,0.0,-1.86083100875,62.217858564191054
mp-1186349,NpSiO3,0.0,-2.52523175675,54.13223823303124
mp-1186346,NpSnO3,0.0,-1.99166178775,71.96212269995561
mp-1186357,NpTaO3,0.0,-2.679753408216668,65.86447407961451
mp-977184,NpTcO3,0.0,-2.0408627757500013,62.79440236587778
mp-977152,NpTiO3,0.0,-3.1444054594166677,60.15965754889231
mp-680932,OsPbO3,0.0,-1.4005508589999984,276.1692649119691
mp-558645,PBr3O,3.1153000000000004,-0.9345800809285724,589.2652210327993
mp-1189731,PBr3O,3.0889,-0.9341940869285712,713.3661118373668
mp-540785,PCF3,0.9724,-0.940591661678571,822.0908860582713
mp-556383,PCF3,3.2259,-1.5036473142285718,1668.3480336961156
mp-27277,PCl3O,4.4681,-1.215469423928571,590.0043965137276
mp-753611,PCl3O,4.5483,-1.2095137049285711,686.7475052446612
mp-2015815,PCl3O,5.1883,-1.2186257794285715,507.99589223548975
mp-2766955,PCl3O,5.3414,-1.1420119783452378,640.773112497547
mp-726260,PNO3,1.7652,-1.083190376928571,331.25861441478
mp-1179877,PNO3,0.2808834410186867,-1.0349814379285711,883.0954586777689
mp-1197085,PNO3,0.6162000000000001,-0.9208458634285712,776.6437232130503
mp-1198759,PNO3,0.0809999999999999,-0.5350963114285718,721.50616315545
mp-1200596,PNO3,0.3045,-0.2890850411785713,922.647906434001
mp-1195541,PPbO3,0.0,-1.968432614928572,671.9264895888821
mp-20199,PPbS3,2.2475,-0.7255495689285695,476.69425217727553
mp-20316,PPbSe3,1.6431999999999998,-0.4116969055327416,535.998094170855
mp-977455,PaAgO3,0.9149000000000004,-2.830395251333348,80.34031925623562
mp-973877,PaBO3,0.0,-2.231474644833333,47.41571950860314
mp-1186392,PaBeO3,0.0,-3.2027054339999994,46.95550918588978
mp-540540,PaBr3O,1.749,-2.2217953519999987,311.0968978051449
mp-1186400,PaCoO3,0.0,-2.292076873,54.1024933511181
mp-1186395,PaHgO3,0.0,-2.799456755500001,81.90972617319578
mp-1186404,PaOsO3,0.0,-1.652130342999999,62.12604951273307
mp-1186401,PaSiO3,0.0,-2.391746251,55.782551954834126
mp-1186403,PaTaO3,0.0,-2.6138680404666674,65.83394786941436
mp-862832,PaTlO3,2.6427000000000005,-3.167280823666672,83.82164361680597
mp-982245,PbAuO3,0.0,-0.6029205189999992,71.41118537597386
mp-19893,PbCO3,3.3407000000000004,-1.8087626935000003,268.75173301996114
mp-1105697,PbCO3,3.3642,-1.806799799999999,283.0082590600712
mp-20507,PbSO3,3.6415,-1.7169598629999996,309.8754760026049
mp-21190,PbSO3,3.2251000000000003,-1.7154085644999997,154.01303269333644
mp-20716,PbSeO3,2.8909,-1.4557368364687513,158.8418149711553
mp-630329,PbSeO3,3.3267999999999995,-1.4565747119687509,638.5708737419326
mp-21031,Pd3PbC,0.0,0.1917663085000015,79.44849350684825
mp-545482,PdSeO3,1.2031,-1.0328939854687498,154.68489951937246
mp-546684,PdSeO3,0.8236000000000001,-1.0282253014687506,151.68456217720995
mp-1186533,PmBeO3,0.0,-2.8857220415,48.16743617261043
mp-1186557,PmErO3,1.6957999999999998,-3.3115211405,77.65505796283766
mp-1186571,PmEuO3,0.0,-2.8423352195000007,87.94284464083904
mp-1186597,PmInO3,1.6185,-2.435841807833333,71.27102965144373
mp-1186600,PmMgO3,0.0,-2.8209067275,57.368701080609554
mp-1232288,PmMgS3,0.2109000000000001,-1.531501624999999,273.0094374402526
mp-1232152,PmMgSe3,0.0,-1.4149455294062498,554.4024139692456
mp-1232203,PmMgSe3,0.0,-1.4738968465729168,832.9112338615447
mp-1237948,PmMgSe3,0.0,-1.3802270459062498,296.6764817379764
mp-983513,PmRuO3,0.0,-2.1861493725,62.2787377362412
mp-2647018,PmTiO3,0.0,-3.460296333166667,60.24785691045861
mp-1186669,PmWO3,0.0,-2.2790038265000008,70.30692641341699
mp-10039,Pr3AlC,0.0,-0.2312876572222222,135.58151165215526
mp-20684,Pr3AlN,0.0,1.0154258272500016,174.4296982214099
mp-1094072,Pr3AlN,0.0,-0.8458429647499998,128.20754605647855
mp-8368,Pr3GaC,0.0,1.1124879551611144,169.79153793566402
mp-19749,Pr3InC,1.26340755413068e-05,1.4208609668333338,198.28542498807576
mp-20990,Pr3InN,0.0,-0.9993550707499964,131.00628050292852
mp-21135,Pr3InO,0.0,-1.510910203333332,126.04257043499666
mp-20388,Pr3PbC,0.0,1.4044060709111137,208.52922843410647
mp-20543,Pr3SnC,0.0,1.4226570749999978,203.4042896412885
mp-1206822,Pr3SnN,0.0,-0.9833645990000016,128.8230907563521
mp-7166,Pr3TlC,0.0,1.467086209911122,202.44833419051383
mp-1219803,PrAl3Ag,0.0,-0.4100900926666675,102.82013017900812
mp-1069825,PrAl3Cu,0.0,-0.5118632363333333,95.3549245459724
mp-3466,PrAlO3,4.133100000000001,-3.655848326333329,107.09578105965994
mp-8218,PrAlO3,2.8792,-3.6378249133333327,106.22475005987332
mp-861504,PrBO3,4.6526,-3.4464973886666668,239.34951052552847
mp-2976,PrBPd3,0.0,-0.5366176341666652,85.0430595621153
mp-11596,PrBPt3,0.0,-0.8466258181666639,83.12436243796674
mp-5200,PrBRh3,0.0,-0.6683155041666623,76.56090895431151
mp-862754,PrBS3,2.4282,-1.5508041156666657,415.0017737104433
mp-1186742,PrBeO3,0.0,-2.8532437463333338,49.85265037165066
mp-976727,PrBiO3,0.0,-1.9199203153333344,88.05187400348734
mp-13125,PrCoGe3,0.0,-0.5615414033333324,91.33529829915938
mp-20090,PrCoO3,1.1319000000000004,-2.497417969333276,219.468020673114
mp-20427,PrCoO3,0.0,-2.381077041333333,55.69128310911385
mp-569153,PrCoSb3,0.0,-0.6402244292499916,971.9524380292138
mp-13007,PrCrGe3,0.0,-0.3994365919999978,190.67756036781603
mp-19353,PrCrO3,1.8471813241482196,-3.003632961333333,58.71817644999847
mp-1105822,PrCrO3,2.0419,-3.1216562208333323,234.03185092916053
mp-1209589,PrCrSb3,0.0,-0.5899707228333341,515.6812039321534
mp-861512,PrCrSe3,0.0,-1.4921575997395835,448.1941782068804
mp-1186515,PrCuO3,0.0,-2.3125833373333338,56.9104200105911
mp-1199144,PrErS3,0.9554,-2.384397188187498,924.8304558905144
mp-1069147,PrFeGe3,0.0,-0.4894826413333334,92.1042356254773
mp-22341,PrFeO3,1.0793000000000004,-2.757081589333333,242.4558416265244
mp-1200999,PrFeSb3,0.0,-0.6006707015833328,971.1912821908986
mp-1210142,PrFeSb3,0.0,-0.5809594241666655,1481.8303903246651
mp-1219979,PrGa3Au,0.0,-0.6079114208333329,100.62255001538249
mp-1220010,PrGa3Ni,0.0,-0.5300698988333338,90.4417929050846
mp-1219974,PrGa3Pd,0.0,-0.6858301508333341,96.07268576453242
mp-1219973,PrGa3Pt,0.0,-0.7230260008333325,95.68732131600082
mp-4535,PrGaO3,3.3931,-3.034011709833333,242.1773823202712
mp-9833,PrGaO3,0.0,-1.5888688728333336,97.53781528000668
mp-13072,PrGe3Rh,0.0,-0.7009157953333336,97.97123686884038
mp-755462,PrHfO3,0.0,-3.5382818378333325,276.6598444711517
mp-1186747,PrHfO3,0.0,-3.449797213333332,70.23453716496483
mp-1211193,PrIn3Pt,0.0,-0.5661137015833319,1027.073922446575
mp-1105130,PrInO3,3.3853,-2.8562725601666656,277.68087306341386
mp-21872,PrLuO3,4.8757,-3.913910493666665,283.33533637597355
mp-1078537,PrLuS3,0.7957834300134721,-2.3916638753541664,231.7782856755934
mp-1206692,PrLuS3,0.7208629220587062,-2.239657081354167,242.90651494156575
mp-13326,PrLuSe3,0.4935,-2.189735595104165,262.7259017084971
mp-1232298,PrMgS3,0.1745000000000001,-1.514052084333332,567.9307150899408
mp-1232362,PrMgS3,0.0,-1.5738670361666658,733.9216165750518
mp-1237949,PrMgS3,0.0,-1.4621963168333325,263.6757789916879
mp-2901879,PrMgS3,0.9070999999999998,-1.5496998150208328,228.7663451183097
mp-1232136,PrMgSe3,0.0,-1.3658005667395827,302.55383842922765
mp-1232200,PrMgSe3,0.0,-1.4621733724062504,857.3345140211349
mp-22564,PrMnO3,1.402,-2.943615975919542,237.7429455944275
mp-975913,PrNbO3,0.0,-2.9259439773333327,68.26407903161855
mp-13073,PrNiGe3,0.0,-0.5921775243333315,189.22541471258697
mp-19170,PrNiO3,0.0,-2.4055859918333327,110.65153943462884
mp-22280,PrNiO3,0.0,-2.4066675943333324,222.646090098356
mp-570394,PrNiSb3,0.0,-0.7335779326666615,1475.0789172939385
mp-1186471,PrPbO3,0.0,-1.980562581333332,93.4090064158571
mp-10708,PrRh3C,0.0,-0.3525971813333314,75.22447397106309
mp-4789,PrRhO3,0.6036999999999999,-2.4712704253333406,247.07173136147836
mp-20186,PrRuO3,0.0,-2.480910365333333,252.94890109212832
mp-559756,PrScO3,4.2605,-3.878540392833331,263.56275255678537
mp-1189962,PrScS3,1.8377,-2.2955367500208297,451.3261716177129
mp-1202224,PrSiAs3,0.0,-0.5989595440833341,956.7211796768564
mp-1200190,PrSiP3,0.6167999999999996,-0.679500104119046,862.1989673730549
mp-1198507,PrSn3Ru,0.0,-0.4786054780833318,936.294791225582
mp-1206304,PrTiGe3,0.0,-0.7168626766666648,201.07804298546276
mp-753948,PrTiO3,0.0,-3.5273397220000007,124.52131208438156
mp-754696,PrTiO3,0.0,-3.4815241880000003,61.31381091813314
mp-754046,PrTlO3,0.0,-1.7671209720000014,100.2258791905031
mp-1201800,PrTmS3,0.9462000000000006,-2.3860093920208327,918.1804137086366
mp-978084,PrVGe3,0.0,-0.5027697113333346,194.3338547009102
mp-1069346,PrVO3,0.0,-2.990521863333335,60.972474715206346
mp-1209329,PrVO3,1.3015999999999996,-3.2025637978333337,239.62576821509148
mp-1173419,PrVSb3,0.0,0.0303011371666713,650.1360314437871
mp-1173554,PrVSb3,0.0,-0.4185345113333284,549.5449124389061
mp-1209337,PrVSb3,0.0,-0.6640785948333331,515.4043423742302
mp-20097,Pt3PbC,0.0,0.3578622334999977,82.2018309745344
mp-975564,PuBO3,0.0,-2.26484911258333,45.2299275746952
mp-1209736,PuCrO3,0.0,-2.8026892627499977,240.1915793472138
mp-2647102,PuCuO3,0.0,-2.0012172127499968,55.87514304904544
mp-1186662,PuGaO3,0.0,-2.583174226249997,58.10927082340733
mp-1186797,PuInO3,0.0,-2.1033046760833303,71.40333675976989
mp-975596,PuIrO3,0.0,-1.0771753287499977,70.66977267988912
mp-1186787,PuMgO3,0.0,-2.698261395749997,56.08996317733968
mp-1188081,PuNiO3,0.0,-2.067242016749998,53.90057700340984
mp-1186799,PuPbO3,0.0,-2.4693388927499966,82.77001583757489
mp-975588,PuPtO3,0.0,-1.523519266749996,66.65422143645642
mp-510492,PuRh3C,0.0,-0.1156427087499992,73.67053777752288
mp-19828,PuRu3C,0.0,0.3293925592500031,72.36074313157995
mp-1186801,PuSbO3,0.0,-2.023732902749998,80.38123021840794
mp-1186812,PuTiO3,0.0,-3.2238253074166634,60.121389727310586
mp-2647162,PuTlO3,0.0,-2.518833282916666,325.4567100469089
mp-1219701,PuUC3,0.0,-0.2993098022499964,266.3680667908779
mp-1209729,PuVO3,0.0,-2.8926955187499983,243.51123764070616
mp-4405,Rb3AuO,0.1978999999999999,-0.8160150875000003,167.2229752673024
mp-30055,Rb3BrO,0.3851,-1.3936056024999988,164.33424631663758
mp-754892,Rb3ClO,0.4794,-1.4299567055000004,169.45012298942564
mp-755428,Rb3ClO,1.2267,-1.471404287500001,591.9812829791914
mp-756979,Rb3ClO,0.6579000000000002,-1.4562440780000003,654.5535163591668
mp-772199,Rb3ClO,0.6094999999999999,-1.4298000065,1025.7466015651569
mp-29019,Rb3IO,0.6342999999999999,-1.326516398166668,1065.86433420431
mp-975463,RbAcO3,0.0,-2.226777475,99.64939924630724
mp-998212,RbAgBr3,0.0,-1.2091484188333328,161.6051934830367
mp-998226,RbAgBr3,0.0,-1.2089664068333328,161.60527476866693
mp-1947055,RbAgBr3,0.0,-1.0495022097499995,155.04568877059558
mp-998201,RbAgCl3,0.0,-1.4188026138333327,137.97069477505036
mp-1975771,RbAgCl3,0.0,-1.4168344598333331,131.6157527944835
mp-7767,RbAgF3,0.0,-2.128125983833334,165.15016611284094
mp-867844,RbAgF3,0.0,-2.014888526833333,77.92751683188361
mp-1055491,RbAgF3,0.0,-2.129279587833333,82.1683324390747
mp-975421,RbAgO3,0.0,-0.453735536833333,77.07990692192173
mp-975427,RbAlO3,0.0,-1.9253732725,61.35272302053714
mp-975425,RbAsO3,0.0,-1.3583273020000006,61.135790683882746
mp-27300,RbAuBr3,0.7285,-1.1851988815000023,341.6486760124486
mp-1110999,RbAuBr3,0.0,-1.1389014884999995,160.72210162556107
mp-1110791,RbAuCl3,0.0,-1.322807997499999,137.67049400123696
mp-1111644,RbAuF3,0.0,-1.9120288685,92.00290804343298
mp-568666,RbAuI3,0.7061000000000001,-0.9100505774999996,421.0463837972993
mp-975405,RbAuO3,0.0,-0.5241850445000005,75.00835937393516
mp-975385,RbBO3,0.0,-0.5978283683333337,50.39388070820404
mp-9047,RbBS3,2.3204,-1.0174446263333237,479.1281739873625
mp-10552,RbBSe3,1.5484999999999998,-0.8327932337395836,579.4157869268114
mp-1219638,RbBaN3,0.0,1.3055410119999995,647.7521092442457
mp-975387,RbBaO3,0.0,-1.2794856764999998,124.63922265174295
mp-975031,RbBeH3,3.3379,-0.1916235147499996,391.3367471080434
mp-1197886,RbBeN3,0.0,0.8549256593749994,1799.3819182783045
mp-975394,RbBeO3,0.0,-1.0485717035,58.46279912583213
mp-677028,RbBiF3,1.3813000000000002,-2.5352156245,221.8038418851769
mp-1173046,RbBiF3,0.0,-2.301756913500001,234.25797591362056
mp-975384,RbBiO3,0.0,-1.4476285665000013,77.29908558651587
mp-28872,RbBrO3,3.9953,-1.0529571174999994,88.91758517584954
mp-31271,RbCO3,3.9994,-1.7241410917500004,665.1907820163016
mp-998198,RbCaBr3,4.0722,-2.2599620265,189.3354570837068
mp-998536,RbCaBr3,4.2996,-2.284203274000004,682.9501196873715
mp-1209227,RbCaBr3,4.0839,-2.2604592365,188.79224295977733
mp-1209238,RbCaBr3,5.3847000000000005,-2.284120756500003,704.5146197337431
mp-998197,RbCaCl3,4.9577,-2.6001436075000024,155.50095814013636
mp-998324,RbCaCl3,5.384658270825319,-2.613238605500002,305.2231982181201
mp-2043957,RbCaCl3,5.981999999999999,-2.6132294505000013,306.0753444634993
mp-2795318,RbCaCl3,4.9656,-2.6029870255,160.04241206716253
mp-3654,RbCaF3,6.3971,-3.716615296499999,88.37611823763214
mp-23949,RbCaH3,3.2723,-0.4796510662500005,92.40505411028693
mp-998325,RbCaI3,3.4334,-1.7692553704999998,239.40448846704476
mp-998592,RbCaI3,3.5985,-1.8151626565000003,853.7382408155224
mp-975382,RbCaO3,0.0,-1.4840002824999998,98.3951098459538
mp-27400,RbCdBr3,2.7536,-1.560353950499999,640.6612618927102
mp-23390,RbCdCl3,3.5562,-1.8200720084999995,551.8598510355168
mp-6951,RbCdF3,3.1689,-2.6964746145000014,86.64313367399816
mp-1209203,RbCdN3,0.0,1.6662884875000004,96.55538772430369
mp-975380,RbCdO3,0.0,-0.7188131464999998,89.05753605405575
mp-23011,RbClO3,5.3288,-1.1442700485000004,95.64282469113216
mp-1206319,RbCoBr3,0.0,-1.2282340844999993,298.40385942819324
mp-1209410,RbCoBr3,0.0,-1.0937797705,918.6546784473604
mp-1209412,RbCoBr3,0.0,-1.0490202278333334,919.670457112146
mp-1209578,RbCoBr3,0.0,-1.1804024175,902.0031510365924
mp-27707,RbCoCl3,0.0,-1.525300202499999,253.4343231673832
mp-541814,RbCoF3,0.0,-2.6208674335000004,461.0001393651109
mp-30027,RbCrCl3,0.5095000000000001,-1.7399921179999993,545.8501792217413
mp-568864,RbCrCl3,0.4115999999999999,-1.7380090395000003,570.423405540088
mp-568887,RbCrCl3,0.1194999999999999,-1.7312905145000002,277.2349363450797
mp-1206325,RbCrF3,0.9717000000000002,-2.8942080485000004,79.86710531326781
mp-1954899,RbCrF3,0.0,-2.84322428425,73.16993370833276
mp-27442,RbCrI3,0.1684999999999998,-1.0003969310000005,818.1720779552074
mp-676553,RbCrI3,0.0,-0.9964256685000004,396.6368627596618
mp-1076360,RbCrO3,0.0,-1.5577121245,61.486287631130566
mp-998196,RbCuBr3,0.0,-1.2007867865000008,136.14377431777643
mp-23055,RbCuCl3,0.1858999999999999,-1.485602623499999,518.1287961724032
mp-568857,RbCuCl3,0.0,-1.4624446394999997,536.5859699252209
mp-569526,RbCuCl3,0.0,-1.4347106164999996,257.94474002645865
mp-571305,RbCuCl3,0.0,-1.4628043029999998,538.9989995212916
mp-1232302,RbCuCl3,0.0001095703818169,-1.484715367499999,243.80084804014547
mp-8858,RbCuF3,0.0,-2.3367779405000006,141.6246984801055
mp-554601,RbCuF3,0.0,-2.3052136335,67.41884646593466
mp-975364,RbCuO3,0.0,-0.6591540465000001,66.23687800780135
mp-1219609,RbCuS3,0.0,-0.418439149999999,114.99286581277347
mp-1209279,RbDyBr3,0.0,-1.8820856903333325,713.9981998680418
mp-1206194,RbDyI3,0.0,-1.4621069078333329,419.8030330895528
mp-1209272,RbDyI3,0.0,-1.4332974003333327,860.5167772884139
mp-975386,RbDyO3,0.0,-2.2855517028333323,92.2931977402398
mp-975361,RbErO3,0.0,-2.3186068585,90.77570949035696
mp-1206801,RbEuCl3,0.4541999999999997,-2.5478196345000006,180.92054600923964
mp-1206518,RbFeCl3,0.0,-1.5481723734999988,119.83206666721148
mp-1206560,RbFeCl3,0.3602019390116706,-1.5157754694999994,247.76650425325687
mp-554465,RbFeF3,3.9105,-2.4899765765,75.18858462943221
mp-975322,RbFeO3,0.0,-1.1645071264999998,66.20594225067894
mp-975308,RbGdO3,0.0,-2.3090469385000008,89.4388218566224
mp-28558,RbGeBr3,1.9851,-1.4168271675000004,712.8200349732962
mp-1120721,RbGeBr3,3.1254666806824307,-1.4183002899999997,359.3295999849223
mp-27369,RbGeCl3,3.7529,-1.691383895500001,311.8706330814683
mp-1120729,RbGeCl3,3.0287,-1.672448122000001,632.4557199965224
mp-567855,RbGeI3,2.1971,-1.0302750964999987,816.7220152541115
mp-571458,RbGeI3,0.5181,-1.021950393500002,206.9055618468492
mp-1186885,RbGeO3,0.0,-1.4869830475,61.56534998932349
mp-7482,RbHgF3,0.6454,-2.229330553,94.14788543919498
mp-1186886,RbHgO3,0.0,-0.4737182970000013,83.95126452155172
mp-975296,RbHoO3,0.0,-2.300576585499999,90.98740980757066
mp-27193,RbIO3,2.8369,-1.372529543500001,92.3005840532074
mp-1179783,RbIO3,0.4079999999999999,-0.3789213334999999,183.5474527888017
mp-998194,RbInBr3,0.0,-1.4829116418333324,188.6232563714504
mp-998800,RbInBr3,0.0,-1.4893764038333326,374.0773742733569
mp-1110737,RbInBr3,1.3264041792853,-1.4990451548333337,375.4711261547887
mp-998195,RbInCl3,0.0,-1.7325589588333323,162.10258258411477
mp-998204,RbInCl3,0.0,-1.7325673908333328,162.1034722167248
mp-998753,RbInCl3,0.0,-1.7365616298333322,322.54165228910443
mp-1114001,RbInCl3,1.677311796494664,-1.7690323278333324,327.42314383910946
mp-1110662,RbInF3,2.4848,-2.7305161398333326,197.67575458300075
mp-1147705,RbInH3,0.0,-0.0466802465833325,173.25258370847848
mp-1114161,RbInI3,0.7159,-1.098630018833333,478.74911602653697
mp-975299,RbInO3,0.0,-1.251412653833333,82.5887320345404
mp-975284,RbIrO3,0.0,-1.2054180105,64.44276112195803
mp-975291,RbLiO3,0.0,-0.6965373591666669,73.00276697776181
mp-27208,RbMgCl3,4.7503,-2.2771860984999988,517.507435445248
mp-662499,RbMgCl3,4.6099,-2.2756107365,767.7004620050823
mp-8402,RbMgF3,6.9351,-3.5074064598333328,66.77191431471459
mp-541813,RbMgF3,6.6647,-3.5016158335,416.3762264433625
mp-559523,RbMgF3,2.2027,-2.938151904166667,593.1969830874103
mp-23738,RbMgH3,2.5405,-0.3255984899166663,428.6656151988668
mp-1186884,RbMgO3,0.0,-1.3923099295,73.81009484134074
mp-29763,RbMnBr3,0.0,-1.531377246086207,316.29598840839145
mp-568231,RbMnBr3,1.2465000000000002,-1.5331131847528747,955.5399878525552
mp-569309,RbMnCl3,1.3133,-1.823712653086208,789.3611759695846
mp-558749,RbMnF3,2.9437,-3.0130479500862064,75.81974583115912
mp-975346,RbMnO3,0.0,-1.3780881580862072,65.90328141912995
mp-975292,RbMoO3,0.0,-1.9528968765,66.57386524218768
mp-5073,RbNO3,3.2401,-1.4040513046111118,678.5479925443076
mp-13658,RbNO3,3.1172,-1.403544358500001,149.86925152321862
mp-38220,RbNO3,3.0358,-1.3979587565000002,182.0964439454017
mp-614951,RbNO3,3.1341,-1.3816476083888884,870.4031761296334
mp-752446,RbNO3,2.9815,-1.4000594395000008,101.42668501949434
mp-1219584,RbNO3,3.6337,-1.4210933415000009,85.3433628690583
mp-2039551,RbNO3,3.6119,-1.0046984692500005,99.17254870019708
mp-2757311,RbNO3,3.6386,-1.0361097772500003,84.71336475411889
mp-975274,RbNaO3,0.0,-0.5021710987758624,92.81920017629032
mp-3283,RbNbO3,3.3093,-2.8390510185,354.33464490495084
mp-756063,RbNbO3,2.8197,-2.814731651,351.06995002341193
mp-1075911,RbNbO3,1.3578,-2.7563144765,68.86332417595558
mp-27409,RbNiBr3,0.4579999999999999,-1.2659275505000005,292.0606172205687
mp-23486,RbNiCl3,0.7089000000000001,-1.551503013500002,247.98095497605672
mp-556488,RbNiF3,5.0404,-2.6153328264999995,420.4561769345898
mp-975373,RbNiO3,0.0,-0.6508029624999999,66.52489446797706
mp-975288,RbNpO3,0.0,-3.0775452282500018,79.7970001194663
mp-998602,RbOsO3,0.0,-1.6108043514999983,160.14665193019954
mp-1040467,RbOsO3,0.0,-1.5202451825000003,62.76469020489101
mp-4135,RbPO3,5.109999999999999,-2.68106058217857,330.3261195543584
mp-9138,RbPO3,4.768,-2.6694977736785703,351.4652348774249
mp-548658,RbPO3,4.5272,-2.6292800804285705,197.61800656873496
mp-616587,RbPO3,4.8466000000000005,-2.6785896616785707,710.7564179441404
mp-1179733,RbPO3,0.0949,-1.502340608428571,1293.446740221424
mp-556953,RbPS3,1.8376,-0.9794650449285668,282.46844577595846
mp-571464,RbPSe3,1.1229999999999998,-0.80516133750149,936.9033196344336
mp-1206844,RbPaO3,3.0009999999999994,-3.5306131085,84.09243655756401
mp-998176,RbPbBr3,1.7508,-1.5730234424999996,214.2258079372513
mp-998603,RbPbBr3,2.8211,-1.6124168075000025,367.8035851927661
mp-998604,RbPbCl3,3.263,-1.8667621915000008,321.3275545873426
mp-998605,RbPbCl3,2.1948,-1.8286296054999984,186.76458044490604
mp-1209191,RbPbCl3,2.1963,-1.828409371499999,187.45133578838053
mp-21043,RbPbF3,3.0422,-2.7444599425,114.91289263893754
mp-605350,RbPbF3,3.996,-2.7231094819999995,411.7145987173428
mp-674508,RbPbF3,3.7853,-2.7782886965000047,204.61661089923413
mp-1173075,RbPbF3,3.4164,-2.6568525064999995,245.4732396767127
mp-1179717,RbPbF3,4.017,-2.762709697,451.6557896664936
mp-1540546,RbPbF3,4.473,-2.7785489335000024,204.38899729740888
mp-2767545,RbPbF3,4.5758,-2.7855444595000023,406.4335924245572
mp-23517,RbPbI3,2.4518,-1.2359468200000017,886.2002703632756
mp-998174,RbPdBr3,0.0,-1.2210894504999996,148.24603629636422
mp-1385732,RbPdBr3,0.0,-1.2211004504999994,148.24605360759736
mp-2036008,RbPdBr3,0.0,-1.0688334307499985,142.77349377481255
mp-998173,RbPdCl3,0.0,-1.4371652574999991,121.11624849162804
mp-9060,RbPdF3,0.0,-2.1173600985,82.06816613804428
mp-975255,RbPdO3,0.0,-0.7741106664999997,70.35850277043419
mp-975236,RbPtO3,0.0,-0.8889363144999998,69.17709751024132
mp-1186888,RbPuO3,0.0,-2.885427986249996,78.55915213020248
mp-975216,RbReO3,0.0,-1.9732286570000008,63.23802018955973
mp-1186897,RbRhO3,0.0,-1.1087018784999998,66.07194957741817
mp-975208,RbRuO3,0.0,-1.4384222645000009,62.97762089316109
mp-3404,RbSO3,5.0206,-2.077418668333333,572.7515827231946
mp-975206,RbSbO3,0.0,-1.7992110385000004,68.44503210008946
mp-1206561,RbScBr3,0.0842999999999998,-1.9738915145000009,319.45047060169134
mp-1206320,RbScCl3,0.0,-2.3025846365,273.09077017976364
mp-998299,RbSeBr3,1.2364,-1.0957890109687494,354.4321792908409
mp-998366,RbSeBr3,0.0,-1.08641825896875,165.72096989556928
mp-725554,RbSeO3,0.0368,-1.4336643979687502,210.46488441913132
mp-1206676,RbSmI3,0.0,-1.5179301745000005,429.65574052480815
mp-975207,RbSmO3,0.0,-2.198183543500001,95.87752908908864
mp-998157,RbSnBr3,0.6010000000000002,-1.4789800259999997,205.86806440407295
mp-998778,RbSnBr3,2.2976,-1.5236238520000005,701.0268168324552
mp-998156,RbSnCl3,0.9861,-1.7600508784999995,175.92255861329596
mp-998611,RbSnCl3,2.326613151723183,-1.7827893984999996,351.0235235553608
mp-2047197,RbSnCl3,3.5396,-1.5311155117500008,335.3287169001271
mp-998193,RbSnF3,3.3929,-2.7419322315000003,112.25028907001968
mp-998620,RbSnF3,4.023432976207803,-2.7713053025,206.8561193960559
mp-1198796,RbSnF3,3.6899,-2.784129123125,1776.2439096465464
mp-29405,RbSnI3,2.0077,-1.1522616044999991,862.5786152100532
mp-1186893,RbSnO3,0.0,-1.6498113955,74.11954479593331
mp-998155,RbSrCl3,4.621,-2.5998286955,185.31235495405775
mp-998755,RbSrCl3,5.318722204893029,-2.640282148499999,364.2007121581188
mp-1209047,RbSrCl3,4.6262,-2.5998214135,184.83298442262463
mp-1209111,RbSrCl3,4.902356186744921,-2.6314050335000005,341.9263512032979
mp-1209174,RbSrCl3,5.1392,-2.6387548929999998,697.6515205683058
mp-2759982,RbSrCl3,6.0686,-2.513581673749999,671.7628263256997
mp-1205862,RbSrI3,4.3191,-1.868850923500002,462.7313252936007
mp-975200,RbSrO3,0.0,-1.3587918005000006,114.28712685110744
mp-3033,RbTaO3,3.5426,-3.032331979466666,333.98647387684906
mp-755018,RbTaO3,2.5106,-2.979764999966666,68.49564662455086
mp-780619,RbTaO3,4.6667000000000005,-3.022135071466665,351.3168059129707
mp-858693,RbTaO3,0.0,-0.6468404629666665,365.63260409305593
mp-1076534,RbTaO3,2.0076,-2.9756697059666664,67.47978870917987
mp-980058,RbTbO3,0.0,-2.2711243498333333,93.27023664401828
mp-975190,RbTeO3,0.0,-1.5728740938333332,72.63406049182207
mp-569807,RbTiBr3,0.0,-1.687460090166666,315.6186684529316
mp-28282,RbTiCl3,0.0,-2.0291031731666687,258.40751370024293
mp-27812,RbTiI3,0.0,-1.1920820201666666,1213.1788447065912
mp-998391,RbTlBr3,0.0,-1.393226987166668,198.67036766260475
mp-998606,RbTlBr3,0.0,-1.3904298091666685,393.9524168152756
mp-1114101,RbTlBr3,0.9634037051434756,-1.391626091166668,410.8302697980293
mp-1113994,RbTlCl3,1.1539100733397554,-1.6305166351666678,357.304149731101
mp-998434,RbTlF3,0.0,-2.4361644646666685,826.4335141674552
mp-998607,RbTlF3,0.0,-2.425053429166668,107.06566338086311
mp-1113914,RbTlF3,2.0588124041671416,-2.4779190331666667,211.58452184879064
mp-1410049,RbTlF3,0.0,-2.4253018171666683,107.06773809055925
mp-1114149,RbTlI3,0.4939,-1.0240519371666683,497.8528866231676
mp-975179,RbTlO3,0.0,-0.7874281811666684,89.05927106621658
mp-1209127,RbTmBr3,0.0,-1.8380531530000015,685.0190689917476
mp-1209132,RbTmI3,0.0,-1.3831840260000017,850.3948079234465
mp-1209166,RbTmI3,0.2354029486854667,-1.4865926420000015,795.5064183204506
mp-981550,RbTmO3,0.0,-2.340062960500002,88.45690592881743
mp-11775,RbUO3,0.4542000000000001,-3.3045851204999983,81.09117912744907
mp-29314,RbVBr3,0.6053000000000002,-1.5489104461666685,933.5879397779928
mp-568136,RbVBr3,1.6401999999999997,-1.5489731195000025,929.5890108093448
mp-570099,RbVBr3,0.5853000000000002,-1.5485042701666678,310.2622825941334
mp-23319,RbVCl3,0.4023000000000003,-1.8713215715000016,263.03230905853485
mp-556424,RbVF3,2.4507000000000003,-3.034152738500003,73.12138287356564
mp-672346,RbVI3,0.6246,-1.100814098166667,1198.3871081265884
mp-19031,RbVO3,3.0572,-2.4096175575000003,343.46341930871506
mp-1076638,RbVO3,0.2524999999999999,-2.0522239725000007,60.014684858942445
mp-975138,RbWO3,0.0,-2.0409458445000004,66.83879192428014
mp-975173,RbYO3,0.0,-2.258841818500001,93.76817320196758
mp-6952,RbYbF3,6.5206,-3.2397054412500013,89.14140992101083
mp-980537,RbYbO3,0.0,-2.1327498265000004,84.79834338472183
mp-4975,RbZnF3,4.0784,-2.7947424745,432.7648619851537
mp-975159,RbZnO3,0.0,-0.8810291984999999,72.20306426586795
mp-974581,ReBiO3,0.0,-1.2107745975000008,65.13167751772735
mp-974724,ReClO3,3.5834,-1.7343259125000023,382.57011136113016
mp-1245819,ReMoN3,0.0,0.0812691089999987,345.8056894232676
mp-573051,ReO3F,3.0068,-2.1858478685,434.0414438507405
mp-974511,ReSbO3,0.0,-1.0949699515,63.548617356216845
mp-974505,ReTeO3,0.0,-0.9129641048333332,64.26344866098869
mp-1247323,ReWN3,0.0,0.00437898679167,248.14004080443965
mp-1246660,RhWN3,0.0,0.101874508374999,288.2338482219053
mp-974337,RuPbO3,0.0,-1.305190313,64.0068642453909
mp-1209117,SNF3,4.241053202709551,-1.069852563,411.7340640112987
mp-734059,SNO3,0.0,-0.2408190552500002,635.1313456243124
mp-28109,SbAsO3,3.5099,-1.6975539260000003,328.7660241411086
mp-1186920,SbAuO3,0.0,-0.8976824790000002,64.11512496108023
mp-626182,SbHO3,1.0685,-1.57967096625,291.3018060569421
mp-626218,SbHO3,1.1867,-1.5918247712499998,279.5668211871387
mp-757111,SbOF3,2.5195,-2.3327816730000004,365.6722388869165
mp-758096,SbOF3,1.9231,-2.302106116,327.3997886531662
mp-761759,SbOF3,2.5716,-2.2582675905,366.7482214577559
mp-1101381,SbOF3,1.4495,-2.295008344,71.11374126840906
mp-1246386,SbPb3N,0.0,0.3275212800000019,273.353888585516
mp-1186948,SbPbO3,0.0,-1.5637713369999993,74.967601732332
mp-1186927,SbPdO3,0.0,-0.9117548109999994,63.68444006115976
mp-973269,SbTeO3,0.0,-0.8538188663333329,72.67459491171533
mp-4079,Sc3AlC,0.0,-0.6796490030000001,91.70294768893667
mp-10133,Sc3BPb,0.0,-0.613486305500001,102.36724082715106
mp-8577,Sc3GaC,0.0,-0.7705018710000004,89.57404802447736
mp-19726,Sc3InB,0.0,-0.4769006834999857,103.09461345029436
mp-8578,Sc3InC,0.0,-0.7982889609999972,94.2349098832803
mp-31055,Sc3InN,0.0,-1.1900396053333346,88.9827850205707
mp-21035,Sc3PbC,0.0,-0.7973078749999984,94.44951496223662
mp-10139,Sc3SnB,0.0,-0.675955673499999,100.80224414382153
mp-16297,Sc3SnC,0.0,-0.8832574550000004,92.97675738586938
mp-10140,Sc3TlB,0.0,-0.4183802849444419,103.17741501239456
mp-4230,Sc3TlC,0.0,-0.7447686709999999,93.83712343170306
mp-776150,ScAgO3,0.3611999999999999,-2.110980848333333,132.01168072464614
mp-4471,ScAlO3,4.5917,-3.669621607,191.07007935746245
mp-973156,ScAsO3,0.0,-1.7497117375000002,61.25659245178591
mp-10113,ScBIr3,0.0,-0.6593359808333347,70.29674651362069
mp-8697,ScBO3,4.1307,-3.436941156833333,100.67384890531
mp-1017631,ScBPd3,0.0,-0.5584089533571472,75.95336425446645
mp-1018627,ScBPt3,0.0,-0.6360926468333318,77.4262140925559
mp-569875,ScBRh3,0.0,-0.7533863268333348,68.75324322460001
mp-550008,ScBiO3,0.6896999999999993,-2.448213882000001,67.7074343450527
mp-555313,ScBiO3,2.6897,-2.771496174,282.41902134716827
mp-555769,ScBiO3,2.6784,-2.7707475025,282.20099549135153
mp-754009,ScBiO3,3.0857,-2.783797551,141.5365353662609
mp-756205,ScBiO3,2.7215,-2.773072766500001,268.2267728755639
mp-1101383,ScBiO3,2.1479,-2.731644612,141.88024260616115
mp-10270,ScCo3C,0.0,-0.1465873989999991,54.05038066831004
mp-754124,ScCoO3,0.0,-2.5298758585,207.5436412174167
mp-1186980,ScCoO3,0.7862,-2.040111364,49.10300326279377
mp-1643785,ScCoO3,0.8961999999999994,-2.5301436475,202.46357062059715
mp-18961,ScCrO3,2.3991,-3.130813287000001,207.8888721409463
mp-973068,ScCuO3,0.0,-1.837501564,51.848925970517726
mp-754342,ScFeO3,0.0,-2.7649643700000004,117.43344650570572
mp-756419,ScFeO3,1.2694,-2.6998003079999995,201.36983821600376
mp-769734,ScFeO3,1.5712000000000002,-2.7539658165,212.22287513266605
mp-771123,ScFeO3,0.9040000000000004,-2.779514111333333,342.91604718674466
mp-754165,ScGaO3,2.7057,-3.101253307500001,110.7344127232281
mp-754239,ScGaO3,4.0845,-3.0424025450000003,206.95704441515204
mp-769079,ScGaO3,3.1715,-3.114334094166668,328.43508193907246
mp-768358,ScInO3,2.1982000000000004,-2.9077540823333328,132.6643819656345
mp-624739,ScIr3C,0.0,2.919452122,102.84107466876378
mp-18954,ScMnO3,0.0,-2.983540803252874,332.2624241651375
mp-1105811,ScMnO3,1.7893999999999997,-2.9413523215862063,218.7350343435964
mp-1246879,ScMoN3,1.2502000000000002,-0.9372712835000016,311.7739550831921
mp-1018635,ScPd3C,0.0,-0.1902294544999989,74.74508262885325
mp-973123,ScPdO3,0.0,-1.5405238919999988,67.8551067576614
mp-1018628,ScPt3C,0.0,-0.1775087479999996,76.60544990860922
mp-10712,ScRh3C,0.0,-0.4943482479999986,67.65469436399678
mp-1188449,ScRhO3,1.0496999999999996,-2.481755849999999,215.03220185571337
mp-1196890,ScRhO3,1.1204903046814725,-2.5082816842499995,432.8519261026267
mp-7130,ScRu3C,0.0,-0.2762685680000018,66.98805020090266
mp-3129,ScSi3Ni,0.0,-0.62103569,151.0805728552126
mp-1186993,ScSiO3,0.0,-2.7644089860000003,45.978363101869
mp-981376,ScSnO3,0.0,-2.2706785369999998,69.29637433044239
mp-754092,ScTiO3,0.0,-3.5394477636666672,214.54572810928383
mp-1101375,ScTiO3,0.0,-3.5668841296666662,113.47907294930624
mp-752429,ScTlO3,0.9279999999999996,-2.4558159716666688,256.387499472698
mp-7276,ScUS3,0.0,-2.0712849946875,211.81096223215243
mp-756546,ScVO3,1.5053,-3.202248177500001,215.7754359190552
mp-972978,ScVO3,0.0,-2.5258514780000008,54.284997039030245
mp-1246967,ScWN3,1.2255,-1.024203774499999,321.0965329667152
mp-1186999,SiAgO3,0.0,-1.6546874473333333,47.48972232323486
mp-972822,SiBO3,0.0,-0.9888648348333332,37.13464487955602
mp-972839,SiBO3,0.0,-0.9995801968333332,42.97268208926432
mp-972827,SiBiO3,0.0,-1.8203261810000009,54.81423140456447
mp-1209042,SiCCl3,3.4239,-1.1836397269999996,860.7050523856822
mp-769171,SiGeO3,2.8185,-2.477396069875,1025.8208654925386
mp-28289,SiH3F,5.9628,-0.8366093862500001,304.7762004948863
mp-28538,SiH3I,4.1986,-0.1744708452499999,420.5426887450831
mp-1016874,SiHgO3,0.0,-1.7200487435000014,49.22213362928917
mp-1186997,SiMoO3,0.0,-1.6748588009999998,48.44761250350568
mp-36053,SiPN3,3.7652,-0.8543783425119031,228.8678531755588
mp-1219220,SiPN3,4.2125,-0.8615569245119034,113.895070690756
mp-21723,SiPbO3,3.7236,-2.5959264841666823,894.2667610519505
mp-978489,SiPbO3,1.1847999999999992,-2.171974545,52.65754671539653
mp-aaaieisu,SiPbO3,2.760799999999999,-2.479907548833348,131.04903506780994
mp-978490,SiPdO3,0.0,-1.5634454949999992,46.58900297437676
mp-776110,SiSnO3,2.5265999999999997,-2.5862830018333343,911.6581951128396
mp-978493,SiSnO3,0.7593999999999994,-2.1259328240000004,51.15649342831221
mp-7144,Sm3AlC,0.0,-0.3778601640000005,126.23569060076314
mp-10674,Sm3AlN,0.0,1.001796234249997,163.52311671493808
mp-1094052,Sm3AlN,0.0,-0.9686063877500004,117.90431881459732
mp-10602,Sm3GaC,0.0,-0.4378405389999983,125.16206999407768
mp-20229,Sm3InC,0.0,1.4477618739999998,186.24209499590955
mp-19716,Sm3InN,0.0,-1.105729227750001,120.76308437141928
mp-19758,Sm3PbC,0.0,1.4211178821666692,195.9032708549087
mp-10718,Sm3SnC,0.0,1.4264846789999992,188.78434476300373
mp-1206990,Sm3SnN,0.0,-1.0666823630000024,118.84603024364937
mp-10606,Sm3TlC,0.0,-0.3381322426666699,128.182522531986
mp-1075933,SmAgO3,0.0,-1.694632306333333,67.36633132962034
mp-1219105,SmAl3Cu,0.0,-0.5168016219999998,92.39783841298032
mp-1208898,SmAl3Ni,0.0,-0.5856400995000186,355.80216847132726
mp-7405,SmAlO3,4.861399999999999,-3.6977947704999847,208.41780048360832
mp-1187025,SmAlO3,4.0771,-3.692610325,214.38642301701807
mp-8627,SmBO3,5.2713,-3.4882894863333336,235.394131743336
mp-760477,SmBO3,4.4124,-3.427468958833333,128.49753616135
mp-1173486,SmBO3,4.6744,-3.4517816423333327,258.812987764772
mp-3428,SmBPd3,0.0,-0.6446153498936866,82.87963189669462
mp-4982,SmBRh3,0.0,-0.7348071148333346,74.55304841797864
mp-972448,SmBS3,2.3941000000000003,-1.5352638188333323,397.902104166193
mp-978503,SmBeO3,0.0,-2.887656259000001,47.69980187266984
mp-1219113,SmBiS3,1.8964000000000003,-1.494334856500003,485.9333540089203
mp-1219075,SmBiTe3,0.9818000000000008,-0.9580656569999974,182.6076813011558
mp-1206649,SmCoGe3,0.0,-0.550611536000001,88.79964729932894
mp-20016,SmCoO3,1.3174,-2.567496454999943,211.84902183711756
mp-22549,SmCoO3,0.8040000000000003,-2.4369433439999995,53.02909578224753
mp-569163,SmCoSb3,0.0,-0.6725951529999996,943.0863855827372
mp-972659,SmCoSi3,0.0,-0.623150037000002,79.47229951651218
mp-13009,SmCrGe3,0.0,-0.3841083760000003,186.14993186970892
mp-19257,SmCrO3,1.8287999999999995,-2.973790204,58.30152946273373
mp-1105788,SmCrO3,2.4786,-3.1710719595000008,227.25277373957564
mp-15932,SmCrS3,0.0,-1.6807233755000013,378.049130336756
mp-1208660,SmCrSb3,0.0,-0.5789272624999938,494.5089368407508
mp-770767,SmCuO3,0.1217999999999999,-2.4121013065,235.78125214601295
mp-772548,SmCuO3,0.0,-2.3786260299999995,113.17609099040732
mp-1076706,SmCuO3,0.0,-2.287715098,55.266503874215694
mp-756452,SmDyO3,4.5279,-3.858546332833333,298.02426282522254
mp-754203,SmErO3,4.6071,-3.900011528,290.47141479305986
mp-20243,SmFeO3,1.545,-2.8038036295000013,234.87355529137716
mp-1099588,SmFeO3,0.7234999999999996,-2.581433444000001,59.73708222101029
mp-1105437,SmFeO3,0.1263999999999998,-2.4689718930000013,323.95864237366874
mp-1201728,SmFeSb3,0.0,-0.5959181472499993,949.8722371241593
mp-1218984,SmGa3Ag,0.0,-0.527149344999998,96.80214056931156
mp-1219033,SmGa3Au,0.0,-0.5795790015000009,97.9134889592372
mp-1219014,SmGa3Cu,0.0,-0.5666935580000001,89.67616068597104
mp-1219023,SmGa3Ni,0.0,-0.5322667455000001,89.14653770751671
mp-1219031,SmGa3Ni,0.0,-0.6035025935000065,88.64675744004246
mp-1219024,SmGa3Pd,0.0,-0.6789751895000009,93.10332644013089
mp-1219019,SmGa3Pt,0.0,-0.7160804474999978,92.64604768146822
mp-978504,SmGaO3,2.872,-2.9129011774999998,57.60803022854421
mp-1219055,SmGdS3,0.9812,-2.378693279499997,451.6241310208866
mp-978926,SmGeO3,0.0,-2.458910103,61.47479159443134
mp-1206999,SmGePd3,0.0,-0.4665551159999992,104.78548230971651
mp-755717,SmHoO3,4.5947,-3.877823319,293.35952797041665
mp-1209783,SmIn3Pt,0.0,-0.5638498467499993,948.4762739944872
mp-752437,SmInO3,2.6396999999999995,-2.897616840833334,275.7659939007913
mp-1101371,SmLuO3,4.7782,-3.9533226148333336,281.82743897260025
mp-1208832,SmLuSe3,1.0945,-2.1749709557708314,521.8042975042364
mp-1232244,SmMgS3,0.2105999999999999,-1.5341726824999995,271.2697787767995
mp-1232277,SmMgS3,0.0,-1.6022420628333331,722.6671575165008
mp-1232154,SmMgSe3,0.0,-1.42226698590625,560.5813376025875
mp-1232201,SmMgSe3,0.0,-1.481431618072917,824.4617063966383
mp-1237966,SmMgSe3,0.0,-1.38016568440625,297.0645538631464
mp-22203,SmMnO3,1.4644000000000004,-2.9912112375862066,231.50675196280685
mp-1075973,SmMnO3,0.0,-2.7916073975862075,59.09464695105582
mp-8466,SmNiGe3,0.0,-0.5978562270000012,183.0875319113596
mp-22495,SmNiO3,0.0,-2.452948235,216.98020304035128
mp-1099668,SmNiO3,0.0,-2.330298031999999,52.31677393065495
mp-568805,SmNiSb3,0.0,-0.7169103928333319,1430.8750662376272
mp-981250,SmPuO3,0.0,-2.8495704977499985,82.5192836183423
mp-7167,SmRh3C,0.0,-0.4322063479999997,73.28100412492455
mp-3317,SmRhO3,0.7331000000000003,-2.5288903020000086,237.73550180216748
mp-1207179,SmSbO3,0.0,-2.0172066560000004,77.80105459668391
mp-1218986,SmSbTe3,0.8487999999999998,-0.9952540289999996,176.95446119676572
mp-31118,SmScO3,4.366899999999999,-3.921264459499999,254.95794113861217
mp-1188840,SmScS3,1.8487000000000005,-2.2978261149999986,438.45158688597496
mp-1068639,SmSi3Ir,0.0,-0.812225755,87.23604944251882
mp-10283,SmSi3Ni,0.0,-0.676137457,167.68164443983315
mp-1068782,SmSi3Os,0.0,-0.6634360410000028,88.02160355719296
mp-1207214,SmSi3Pt,0.0,-0.772358973,89.54639253865015
mp-1069765,SmSi3Rh,0.0,-0.795413665000001,86.20219627028747
mp-978506,SmSiO3,0.0,-2.836462900000001,53.517592677572
mp-1207210,SmSiPt3,0.0,-1.065603344999996,90.24470944245644
mp-1201411,SmSn3Ru,0.0,-0.465869095999998,916.9778901454858
mp-22416,SmTiO3,0.0,-3.5915734946666675,243.42832611817204
mp-1099583,SmTiO3,0.0,-3.443943146666668,59.95041928908818
mp-754787,SmTlO3,0.8895,-2.408038135166669,299.2016143348699
mp-776439,SmTmO3,4.6315,-3.9244067180000015,288.6300180537114
mp-20702,SmVO3,0.0,-2.9506857940000017,59.5057310357224
mp-1188225,SmVO3,1.5136000000000005,-3.2497311095000017,233.7147945600508
mp-1173461,SmVSb3,0.0,-0.3462800635833247,545.6333078593692
mp-1173542,SmVSb3,0.0,-0.0868723815833249,613.4918883591788
mp-1208885,SmVSb3,0.0,-0.6324017320833264,495.5473313770012
mp-755685,SmYO3,4.2039,-3.8440856450000007,300.61674476601416
mp-772724,SnBO3,2.3724,-2.2737671793333334,292.2274095201998
mp-972442,SnBO3,0.0,-1.2357938498333332,42.61244452154257
mp-729742,SnCCl3,0.8036,0.0308752660000003,166.0981478357188
mp-1068389,SnCCl3,0.0,0.5174968380000002,146.2858768609199
mp-1068985,SnCCl3,0.0,0.1567399940000001,119.77525694766496
mp-769144,SnGeO3,2.0427000000000004,-1.9061459250000032,970.7966069728828
mp-1101394,SnGeO3,2.5994,-1.8031258970000004,157.20695864987837
mp-1187065,SnGeO3,0.0,-1.6328766629999998,57.70196318386117
mp-5045,SnGeS3,1.6098000000000003,-0.6848686670000006,531.9924307893194
mp-13554,SnHgO3,0.0,-1.4535172545000017,132.32972520759614
mp-1016837,SnHgO3,0.0,-1.1796724925000013,67.99169860966235
mp-1079200,SnNF3,0.0,-0.8619913060000002,151.88175218169147
mp-1080727,SnNF3,0.0,-0.9637466679999996,193.5262691375251
mp-1179476,SnNF3,1.7622999999999998,-1.3714383759999995,146.45036468016409
mp-1237814,SnNF3,0.6831,-0.9813662999999998,203.9714209168624
mp-726037,SnPO3,0.5815999999999999,-1.9257829379285725,195.39734301346112
mp-4252,SnPS3,1.754,-0.4002034097827405,484.4699850693268
mp-13923,SnPS3,2.1237,-0.4072395917827364,491.6797092754763
mp-1079752,SnPS3,1.2137000000000002,-0.3616130547827396,269.0871249796568
mp-1080140,SnPS3,0.9831000000000004,-0.3615842247827402,270.7432356763062
mp-5706,SnPSe3,1.275,-0.287312422032744,544.1465559382784
mp-570370,SnPSe3,1.4266,-0.2884789950327359,550.5226376276487
mp-673705,SnPSe3,0.3574999999999999,-0.1123807850327438,604.3096101075289
mp-504543,SnPbO3,0.0,-1.722439363499999,311.1573650366707
mp-978952,SnPbO3,1.0389,-1.7609908719999994,70.32588763341295
mp-1101720,SnPbO3,1.3568999999999996,-1.8014870669999996,564.9412064548399
mp-aaaieiru,SnPbO3,3.1641000000000004,-1.6187541122500022,161.7453676988878
mp-1188095,SnPbS3,1.0929000000000002,-0.7322082604999984,504.4134958079262
mp-1018636,SnPd3C,0.0,0.1390746305000021,76.92075982376096
mp-20446,SnPt3C,0.0,0.3231894465000096,79.39738622229692
mp-1013537,Sr3AsN,0.0,0.1112231377499995,195.112
mp-1013555,Sr3AsN,0.4218000000000002,-1.052059000250003,132.31336935948244
mp-1013532,Sr3AsP,0.0,-0.7607700471369071,194.104539
mp-1013553,Sr3AsP,0.0,-0.9626716771369048,185.193
mp-1013564,Sr3BiAs,0.0,-1.060178490166669,203.297472
mp-1013705,Sr3BiAs,0.0,-0.4908435601666667,237.9597424366504
mp-570008,Sr3BiN,0.2568999999999999,-1.0429656767500006,143.46141423607256
mp-1013531,Sr3BiN,0.0,0.5227135432500006,241.80436700000004
mp-1013530,Sr3BiP,0.0,-0.3310610421702279,236.46985548666805
mp-1013643,Sr3BiP,0.0,-1.0954498841702276,192.7749031069175
mp-1013585,Sr3BiSb,0.0,-0.6675142980000004,234.1898245467225
mp-1013706,Sr3BiSb,0.0,-0.5196700380000003,240.27839885840416
mp-30950,Sr3GeO,0.3188999999999997,-1.5590189605000009,517.9996391565651
mp-1013536,Sr3PN,0.0,0.072935280017262,182.284263
mp-1013554,Sr3PN,0.5196999999999998,-0.95271940134524,129.49301741662526
mp-19944,Sr3PbO,0.0,-1.5860213129999985,138.38975205740917
mp-1013541,Sr3SbAs,0.0,-0.4372386214999998,228.09913100000003
mp-1013561,Sr3SbAs,0.1279999999999996,-0.8728094495000001,200.04191685716947
mp-7752,Sr3SbN,0.2576999999999998,-0.9895450769999996,140.19996748628466
mp-1013534,Sr3SbN,0.0,0.4934860369999999,240.822490633365
mp-1013535,Sr3SbP,0.0,-0.2831175369285709,227.0536788858342
mp-1013588,Sr3SbP,0.3418999999999998,-0.9200227269285712,189.119224
mp-30949,Sr3SiO,0.4234,-1.4580645675000006,515.312261967182
mp-7961,Sr3SnO,0.0,-1.6425350620000003,136.737904809987
mp-979294,SrAgO3,0.0,-1.3861572673333329,69.43909948075958
mp-1218359,SrAl3Ag,0.0,-0.2972516769999999,108.56320239854423
mp-1068011,SrAlH3,0.0737999999999999,0.233643255321428,96.4160413648708
mp-978862,SrAlO3,0.0,-3.031678721000001,56.43579113290282
mp-978851,SrAsO3,0.0,-2.2736955725000003,62.80174892271716
mp-1187146,SrAuO3,0.0,-1.420715157,70.7442566555607
mp-1189840,SrBO3,0.4517,-2.8243870973333336,280.49127487221403
mp-1187143,SrBeO3,0.0,-2.186857816,52.0571061965092
mp-29164,SrBiO3,0.3106,-2.260618635000001,311.1958717643233
mp-28476,SrBiSe3,0.4969000000000001,-1.295626753906251,2327.158785571961
mp-3822,SrCO3,4.4416,-2.698962277500003,258.4475691195478
mp-33746,SrCO3,4.2823,-2.6628046319999994,140.84579421162286
mp-38035,SrCO3,4.666,-2.6757376699999997,148.78143430174455
mp-1218370,SrCO3,4.5332,-2.6672573,74.53905776639496
mp-978842,SrCaO3,0.0,-2.1777825109999998,83.81772037171805
mp-22428,SrCeO3,2.5055000000000005,-3.614131642999999,318.88019245785824
mp-505766,SrCoO3,0.0,-1.9179654000000008,117.28063713577292
mp-550781,SrCoO3,0.0,-1.9123091705,262.5970297133935
mp-562466,SrCoO3,0.0,-1.926445248,259.7974268506855
mp-1272815,SrCoO3,0.0,-1.9602539785,235.4673473417271
mp-1273854,SrCoO3,0.0,-1.9645045770000005,232.18340685508088
mp-1283849,SrCoO3,0.0,-1.981533223,112.93253836834432
mp-20029,SrCrO3,0.0,-2.5717556850000007,59.00943857782975
mp-752441,SrCrO3,0.0,-2.5585700730000003,355.208570148742
mp-755321,SrCrO3,0.0,-2.5478683735000005,240.9677928762296
mp-761337,SrCrO3,0.6900999999999997,-2.5866648080000005,364.730946713303
mp-769855,SrCrO3,0.7904,-2.5740807395000003,248.0153496233369
mp-781082,SrCrO3,0.5876000000000001,-2.5790121252857148,860.7115343340237
mp-1325463,SrCrO3,0.0,-2.4457202548571444,862.2334892881977
mp-1372100,SrCrO3,0.0,-2.4752497389999992,364.7311738206685
mp-29049,SrCuO3,0.0,-1.705710698333334,178.39607754600405
mp-1076711,SrCuO3,0.0,-1.7401671729999997,56.55239894415372
mp-1192969,SrCuO3,0.0,-1.7026666603333345,353.5358139858937
mp-1187145,SrDyO3,0.0,-3.026185685333332,83.6217141622725
mp-1187147,SrErO3,0.0,-3.083582123,81.45420436686246
mp-1100775,SrEuO3,0.0,-2.6788943740000013,84.23687860562264
mp-510624,SrFeO3,0.0,-2.2229828969999987,56.12970212480508
mp-1080133,SrGa3Pd,0.0,-0.6143002545000005,201.4820294533644
mp-1068235,SrGe3Ir,0.0,-0.5814270540000024,101.41410684143666
mp-978987,SrGe3Pd,0.0,-0.5523424669999997,103.33142912057777
mp-1068239,SrGe3Pt,0.0,-0.658063949999999,103.08320379730172
mp-1078860,SrGeAu3,0.0,-0.5591574739999998,221.13157122313385
mp-17464,SrGeO3,3.3974,-2.743115335333333,480.6018637681073
mp-554869,SrGeO3,3.3373,-2.7412305965000003,901.2435295489332
mp-555731,SrGeO3,3.0131,-2.630438872,248.667874130049
mp-1016999,SrGeO3,0.0,-2.593071166,57.36998463477624
mp-aaaieiwj,SrGeO3,4.1981,-2.5909331903333337,128.39568208795524
mp-1207079,SrH3Pd,0.0,-0.5150803707499996,56.10240616351812
mp-3378,SrHfO3,4.1684,-3.812364924,270.9121553948899
mp-3721,SrHfO3,4.056,-3.808274357,135.60049749179663
mp-4551,SrHfO3,3.7269,-3.779407365,71.01997313864919
mp-4673,SrHfO3,3.953500000000001,-3.808616651999999,271.36984791729213
mp-13108,SrHfO3,3.7305,-3.779468507,71.00848373784919
mp-13109,SrHfO3,3.9879,-3.8104449379999994,135.63234605846927
mp-550908,SrHfO3,3.6764,-3.8010789739999984,136.00212319147215
mp-1208643,SrHfS3,1.4955999999999996,-2.0745409246875,464.280143999116
mp-971975,SrHgO3,0.0,-1.3590512335000011,76.01870174364761
mp-971996,SrHoO3,0.0,-3.0540255739999984,82.61883275427296
mp-1218236,SrIn3Au,0.0,-0.4141159720000004,132.28878233146276
mp-1218256,SrIn3Hg,0.0,-0.2938979285000002,140.42270703303868
mp-972021,SrInO3,0.0,-2.115460056333333,74.85410238575706
mp-17097,SrIrO3,0.0,-2.0145800030000034,384.24436696692544
mp-1016848,SrIrO3,0.0,-1.892127165,63.90634971621028
mp-1105160,SrIrO3,0.0,-2.006207057,254.9461238569644
mp-1193907,SrIrO3,0.0,-2.030413166666667,384.2771400263827
mp-24419,SrLiH3,1.8195,-0.126509745583332,99.30372545490404
mp-1187183,SrLiO3,0.0,-1.6947976136666667,59.75065311696792
mp-571443,SrMgIn3,0.0,-0.2921865429999982,139.8311227013373
mp-1187182,SrMgO3,0.0,-2.317325252,65.23522261710269
mp-19001,SrMnO3,0.9027000000000004,-2.496220726086208,234.105017935749
mp-559975,SrMnO3,0.0,-2.4992843770862074,246.8202828149864
mp-1017466,SrMnO3,0.0,-2.450037027586208,231.64938296111515
mp-1193101,SrMnO3,0.0,-2.484238835252875,340.51092050106075
mp-1218206,SrMnO3,0.9524,-2.486665473586206,245.70082607116169
mp-18747,SrMoO3,0.0,-2.512841191,67.94623090034395
mp-1078716,SrMoO3,0.0,-2.587846040000001,126.32524882412754
mp-1187247,SrMoO3,0.0,-2.556700986,134.51072644002824
mp-1542758,SrMoO3,1.3088000000000006,-2.5969387159999995,135.04259794686644
mp-7006,SrNbO3,0.0,-3.174769312999998,67.40372672579457
mp-10339,SrNbO3,0.0,-3.1804479690000003,266.950371096918
mp-1173150,SrNbO3,0.0,-3.1786588295000007,267.1054530886573
mp-1101333,SrNdO3,0.0,-2.8092064345000005,90.91035675028432
mp-752649,SrNiO3,0.0,-1.739968425,57.02413804031096
mp-762506,SrNiO3,0.0,-1.763969883,118.50465607365828
mp-1101421,SrNiO3,0.0,-1.7619409884999997,236.18963103060796
mp-1281591,SrNiO3,0.0,-1.7510964064999996,235.068733435189
mp-1291939,SrNiO3,0.0,-1.7578473115000002,237.62582013820384
mp-1299294,SrNiO3,0.0,-1.7562099195000005,238.47903102811645
mp-30805,SrNiSn3,0.0,-0.4351127790000021,122.90653881942512
mp-867195,SrOsO3,0.0,-2.066363067,63.63388435567394
mp-1105153,SrOsO3,0.0,-2.1022043495,251.60559242284316
mp-9788,SrPS3,3.1224,-1.3090447822827371,484.9034841602534
mp-7198,SrPSe3,2.1432,-1.1281384455327383,548.3337108817398
mp-20489,SrPbO3,0.7942,-2.1555505954999994,296.90377048683945
mp-1187190,SrPdO3,0.0,-1.677081801,65.91341396431488
mp-20464,SrPrO3,0.0,-2.996023107833333,351.1605864581457
mp-1187202,SrPtO3,0.0,-1.7002834569999998,67.0436533800309
mp-1207172,SrPuO3,0.0,-3.2354458567499984,83.05762881533012
mp-989623,SrReN3,1.9969,-0.7261707800000081,340.57102630398566
mp-1187226,SrReO3,0.0,-2.3999262475000003,63.851842473577
mp-1017441,SrRhO3,0.0,-1.928895577,64.21547336522843
mp-1206840,SrRhO3,0.0,-1.9911441569999997,126.5530302927524
mp-1206846,SrRhO3,0.0,-2.0039752550000003,121.7055259194724
mp-1208626,SrRhO3,0.0,-2.0157333550000005,243.5485698025016
mp-4346,SrRuO3,0.0,-2.1492726390000003,63.39114104699642
mp-4525,SrRuO3,0.0,-2.1839894520000045,121.7170792137346
mp-22390,SrRuO3,0.0,-2.190611637000002,243.4247904913068
mp-22534,SrRuO3,0.0,-1.679872460999999,89.21277546643073
mp-34212,SrRuO3,0.0,-2.186947894000004,121.67083063950936
mp-611033,SrRuO3,0.0,-1.6808836084999996,353.5414934632131
mp-1079352,SrRuO3,0.0,-2.147603698,124.54563470890515
mp-1179112,SrRuO3,0.0,-1.6939773215000002,386.9285364843332
mp-1192792,SrRuO3,0.0072,1.9696615155,3116.7945187666323
mp-1187192,SrSbO3,0.0,-2.375606297,74.54787045732388
mp-1204655,SrSbSe3,0.4018000000000001,-1.2434819701562496,2247.191775746832
mp-1187191,SrScO3,0.0,-3.186553572,70.95413907681151
mp-3395,SrSeO3,3.7027,-2.3156574634687503,153.21182131644215
mp-555098,SrSeO3,3.8862,-2.315592203968749,306.49128877949005
mp-1067925,SrSi3Au,0.0,-0.3692348170000002,97.13400905670048
mp-1069139,SrSi3Ni,0.0,-0.4343429049999997,85.14101013633858
mp-3978,SrSiO3,4.6251,-3.4412264730000004,447.8557103265806
mp-18313,SrSiO3,4.3777,-3.4242070366666666,425.6098140634538
mp-561547,SrSiO3,4.6026,-3.4051990275,565.4296903578274
mp-1017439,SrSiO3,2.3831,-3.1169505430000006,50.607918520880645
mp-1173151,SrSiO3,0.0514000000000001,-2.5381860275,368.42290552265007
mp-aaaieitl,SrSiO3,5.866100000000001,-3.061210246999999,116.84768934230078
mp-30834,SrSn3Pd,0.0,-0.579115999000004,131.883941392334
mp-2879,SrSnO3,1.7406,-2.6373586375,266.2174999396318
mp-12866,SrSnO3,1.6169000000000002,-2.633699613500002,133.32770579400238
mp-12867,SrSnO3,1.5614,-2.6306516805,132.91090821475046
mp-546973,SrSnO3,0.9749,-2.589623864000001,69.67305836625314
mp-aaaieipt,SrSnO3,3.5244000000000004,-2.572946612500002,147.92338242346509
mp-1205419,SrSnS3,0.8335999999999997,-1.2687797256875002,459.3685815383808
mp-1186755,SrTaO3,0.0,-3.278887796466667,67.26411512562386
mp-21898,SrTbO3,0.0,-3.1456154103333334,323.7983001948792
mp-989530,SrTcN3,0.5244,-0.5436380452500004,149.73162118535504
mp-989546,SrTcN3,0.0,-0.5645537797499998,153.35081193079495
mp-989586,SrTcN3,0.0,-0.5645453947499988,153.292862646688
mp-989627,SrTcN3,1.5709000000000002,-0.584453189749999,332.2089200514949
mp-12631,SrTcO3,0.0,-2.3778703065,62.21175901326076
mp-1079334,SrTcO3,0.0,-2.3996532634999994,125.55473589302032
mp-1188414,SrTcO3,0.0,-2.454968539500001,248.55721198037097
mp-561385,SrTeO3,3.4746999999999995,-2.378653411500001,1078.7087840165068
mp-647158,SrTeO3,3.464,-2.3748071630833336,2263.354433895126
mp-662523,SrTeO3,3.2676000000000007,-2.349467932333334,632.3339984652432
mp-667421,SrTeO3,3.4208000000000003,-2.374470917500001,2262.2976675373766
mp-972117,SrTeO3,3.6116,-2.381025315,343.049326886097
mp-1179315,SrTeO3,3.2315000000000005,-2.377819146416668,2270.903792588304
mp-1179320,SrTeO3,3.3726,-2.376692981166668,2262.2976675373766
mp-4651,SrTiO3,1.8559,-3.551662291666667,119.6250779514464
mp-5229,SrTiO3,1.7658999999999998,-3.5511922376666667,59.90045030664282
mp-551830,SrTiO3,1.7869999999999997,-3.5515775436666663,119.78460372892172
mp-776018,SrTiO3,1.7362000000000002,-3.512559820333334,381.021066927438
mp-aaaieiuj,SrTiO3,4.0749,-3.4219387426666663,132.8756799356006
mp-1080529,SrTiS3,0.0,-1.8393211461666656,220.75622591753705
mp-981367,SrTlO3,0.0,-1.624270145666668,78.3784643099874
mp-1186758,SrTmO3,0.0,-3.1193285570000016,80.4155987800097
mp-18717,SrVO3,0.0,-2.8788677550000004,59.35966561911505
mp-989513,SrWN3,1.2682000000000002,-0.8078959632500016,152.79145926957835
mp-989625,SrWN3,1.1076,-0.8265104072500009,144.6505729883572
mp-1186764,SrWO3,0.0,-2.455699439000001,68.98501547948386
mp-1186756,SrYbO3,0.0,-2.976735248250003,77.2777039711498
mp-1217777,SrZnIn3,0.0,-0.2907286759999991,129.84983297225554
mp-1186757,SrZnO3,0.0,-1.871074827,63.04788092844678
mp-3323,SrZrO3,3.2141,-3.6067499170000006,73.96074740540564
mp-3626,SrZrO3,3.4055,-3.654475072000001,279.0274783994841
mp-4387,SrZrO3,3.6122,-3.661658828500002,278.2199660312183
mp-5076,SrZrO3,3.5595,-3.652363501500001,139.29130396935383
mp-557203,SrZrO3,3.3637000000000006,-3.606928869250001,592.0000195401844
mp-613402,SrZrO3,0.0,-1.1444181490000005,85.49650328956366
mp-1020622,SrZrO3,3.1680999999999995,-3.644416241500001,139.96387922066543
mp-1068742,SrZrO3,3.2567,-3.613318103,74.58215804793349
mp-1080575,SrZrO3,3.4652,-3.657066389500001,139.44806583680602
mp-aaaieivn,SrZrO3,5.3771,-3.5904168635000007,150.4154817985756
mp-5193,SrZrS3,1.1777000000000002,-2.0777919164999985,474.6162826351481
mp-558760,SrZrS3,0.5511999999999997,-2.0842047479999963,461.5351916601778
mp-541570,SrZrSe3,0.1669,-1.862227603937498,530.3759627979628
mp-9890,TaAgO3,1.9158,-2.405688931799999,125.0421701330729
mp-1187189,TaAgO3,1.7306000000000004,-2.3922839567999987,63.96976476254995
mp-5821,TaAgS3,0.0,-0.9555403932999994,186.09968231755815
mp-561242,TaAgS3,0.0,-0.9553398292999986,189.64022178739583
mp-972222,TaBeO3,0.0,-2.106223181466666,40.05848918973605
mp-1208583,TaCl3O,3.4597,-1.9138451564666676,480.0508294804849
mp-756050,TaCuO3,1.5612,-2.502865663466667,281.3230122078083
mp-3102,TaCuS3,0.4180000000000001,-1.0651239884666637,397.9383225777252
mp-1187220,TaFeO3,0.0,-2.1405566504666664,63.017091198476514
mp-8848,TaFeTe3,0.0,-0.5103844904666651,276.8320466391339
mp-33753,TaHO3,2.7443,-2.6495055662166664,307.8120957223327
mp-1187260,TaInO3,0.0,-2.5068838877999995,67.27805888471052
mp-1247469,TaMoN3,0.0,-0.6737603224666671,263.54579189622444
mp-677065,TaOF3,2.0799,-3.228505710666667,331.09984942663823
mp-1101316,TaOF3,2.7903,-3.4467071334666657,69.52963685711063
mp-22087,TaRu3C,0.0,-0.1286252974666695,66.70646294978734
mp-8074,TaSnO3,0.0,-2.360063697466667,67.54808347028872
mp-676262,TaTlO3,0.9695,-2.684087633883337,605.216109424282
mp-756933,TaTlO3,0.4457999999999997,-2.679812909133335,303.7537717293744
mp-861873,TaTlO3,0.6825999999999999,-2.576722779133334,68.05963814461339
mp-10795,TaTlS3,0.5957999999999997,-1.086338705633337,476.0707586574709
mp-12027,TaTlSe3,0.2993000000000001,-0.7410641909041715,551.390418635224
mp-1246615,TaWN3,0.2329999999999996,-0.5487741643039584,321.97469323705934
mp-10041,Tb3AlC,0.0,1.2828235299999988,155.20972424877803
mp-570822,Tb3AlC,0.0,-0.5037076540000015,117.8602181140516
mp-1018638,Tb3AlN,0.0,-1.07354821175,109.41447468737682
mp-1206878,Tb3GaC,0.0,-0.5723961980000013,115.60211443626793
mp-21392,Tb3InC,0.0,1.4217478515952309,176.50381960421194
mp-19769,Tb3InN,0.0,-1.1903590237499997,112.38382317002284
mp-20963,Tb3PbC,0.0,1.6142106170000012,185.8446675440064
mp-20750,Tb3SnC,0.0,1.4514793780000006,178.5231624428596
mp-19836,Tb3TlC,0.0,1.617043064333333,179.4531945109089
mp-1217573,TbAl3Ag,0.0,-0.3535695736666661,99.210678674575
mp-4434,TbAlO3,5.604000000000001,-3.7397041728333336,203.6661509926724
mp-1217607,TbBO3,5.1051,-3.466789145166666,119.30788763395246
mp-3022,TbBPd3,0.0,-0.6547143294090887,81.0538877914589
mp-3869,TbBRh3,0.0,-0.7850072811666664,72.99406545528203
mp-863748,TbBS3,2.3172,-1.5171854876666655,387.4069269674787
mp-1187310,TbBeO3,0.0,-2.9004552793333334,45.99403544769507
mp-1217576,TbBiTe3,1.0380000000000005,-0.957503614000018,178.0067493633736
mp-755605,TbCO3,4.055888014780145,-2.761193980833333,209.9506627673306
mp-19802,TbCoO3,1.4160999999999997,-2.622154927833276,205.64415112513475
mp-1069044,TbCoSi3,0.0,-0.6233964993333323,77.44765818373362
mp-756124,TbCrO3,2.5095,-3.214648261833333,220.4416567686988
mp-1208345,TbCrSe3,0.1139999999999998,-1.4494697162395824,428.37124579971214
mp-1187321,TbCuO3,0.0,-2.2513209963333325,54.13507164738998
mp-756048,TbErO3,4.5065,-3.9311991768333328,283.4667004969909
mp-1187342,TbErO3,1.7284000000000002,-3.193704126333333,76.75262073438618
mp-19853,TbFeO3,1.6263,-2.8445736573333336,227.8446071426553
mp-1199267,TbFeSb3,0.0,-0.5754313055833322,914.1484124697243
mp-1217527,TbGa3Ni,0.0,-0.5192356238333332,87.72588249229076
mp-1217529,TbGa3Ni,0.0,-0.5834265878333256,86.45802558878438
mp-18462,TbGa3Os,0.0,-0.566410836,261.5732807247002
mp-1104461,TbGa3Ru,0.0,-0.587124742499995,261.13794900304885
mp-756290,TbGaO3,3.6356,-3.125525806333333,228.39721544072253
mp-1101339,TbGaO3,3.7138,-3.066421869833333,113.79690708023502
mp-756224,TbGdO3,3.0933,-3.8442522973333326,296.31536640116883
mp-981132,TbGeO3,0.0,-2.401135169333333,60.04338473889156
mp-755740,TbHoO3,4.4709,-3.909312847333332,285.7770895270979
mp-769263,TbInO3,2.5935,-2.9320331816666667,269.41286852002736
mp-754145,TbLuO3,4.6811,-3.986720298666666,273.160901583886
mp-1187347,TbMgO3,0.0,-2.757292313333333,57.35423346911667
mp-1232160,TbMgS3,0.2000000000000001,-1.5475828538333325,262.68976312505646
mp-1232232,TbMgS3,0.0,-1.6244034468333326,704.8662119331294
mp-1232315,TbMgSe3,0.0,-1.4263224237395833,552.9745037860037
mp-1232347,TbMgSe3,0.0,-1.4964608000729167,802.3379108748617
mp-1237963,TbMgSe3,0.0,-1.3872292337395833,289.8299134217002
mp-22055,TbMnO3,1.4940000000000009,-3.0306169264195404,224.7758055110435
mp-1188379,TbMnO3,0.9401000000000002,-2.7163804019195394,270.82295315671564
mp-1087235,TbNiGe3,0.0,-0.5797075643333344,178.83936850289064
mp-755865,TbNiO3,0.0,-2.4933877723333326,211.05097957634084
mp-770347,TbNiO3,0.0,-2.4516560473333326,108.19253637657695
mp-1187352,TbNiO3,0.0,-2.2947192683333326,52.25900745238172
mp-1187359,TbOsO3,0.0,-1.880185856333333,62.269216857666834
mp-542103,TbRh3C,0.0,-0.4917656103333329,71.75090685055872
mp-5692,TbRhO3,0.8749000000000002,-2.5757701848333348,229.55338451111135
mp-31119,TbScO3,4.4378,-3.957052406333332,247.2443722811714
mp-1188262,TbScS3,1.7696,-2.2846173261874982,427.4692108399353
mp-1068588,TbSi3Ir,0.0,-0.7947748113333326,85.39214365496268
mp-1068827,TbSi3Rh,0.0,-0.7784424233333311,84.3566930163626
mp-1187364,TbSiO3,0.0,-2.8156597583333336,51.82427694555707
mp-756118,TbSmO3,4.456200000000001,-3.839365544333334,301.4292626823467
mp-1187377,TbTeO3,0.0,-1.6104514176666662,77.89026142912171
mp-768409,TbTiO3,0.0,-3.628116425500001,236.76811009381976
mp-756762,TbTmO3,4.568899999999999,-3.956368470833335,279.38814552182055
mp-1217533,TbUTe3,0.0,-1.4163519450000024,631.0661875088738
mp-554811,TbVO3,1.4395999999999995,-3.2916287553333348,226.45903361633887
mp-1187389,TbVO3,0.0,-2.891458178333335,56.75255092161906
mp-555390,TcO3F,2.4501,-1.925974528,300.9302824080249
mp-687205,TcPbO3,0.0,-1.6540659129999995,286.1710768914209
mp-1187400,TcSnO3,0.0,-1.4988408270000009,63.24387741514354
mp-29429,TeCF3,2.5038,-1.4316231870833334,851.416380407064
mp-625630,TeHO3,2.1456,-1.3578811405833335,482.5596110960229
mp-625654,TeHO3,2.0788,-1.3518534155833335,491.28760424484193
mp-625657,TeHO3,2.1801,-1.3571882955833332,489.7689262253093
mp-625856,TeHO3,2.0451,-1.3411181828333334,480.7789005441258
mp-625913,TeHO3,2.1791,-1.350735491333333,484.9589285670693
mp-1195796,TeHO3,2.273464712265588,-1.384043778583333,460.96846686936
mp-543039,TePbO3,3.0439000000000003,-1.5508907698333332,1055.4721207412183
mp-555021,TePbO3,2.6752,-1.5481725493333336,342.58982379046694
mp-979272,TePdO3,0.0,-0.5925222603333331,67.18297192655213
mp-1217353,Th3SiGe,0.0,-0.7202222989999996,261.38928106780656
mp-1187416,ThBO3,0.0,-2.389358026833333,49.92278073019239
mp-1206772,ThBRh3,0.0,-0.9264942364999968,77.09647711452597
mp-1187421,ThBeO3,2.6968,-3.458890785999999,48.99965010566739
mp-1068664,ThCoSi3,0.0,-0.638294277,81.56221490705461
mp-1189441,ThCrS3,0.0157999999999995,-1.7028352864999952,417.174117079126
mp-1208150,ThCrSb3,0.0,-0.5380068460000018,507.2734371408948
mp-1188731,ThCrSe3,0.0549999999999997,-1.4702840589062482,473.9553993769641
mp-1187487,ThCuO3,0.0,-2.467409856999999,57.88331164717667
mp-11778,ThMnSe3,0.0,-1.6164316313340463,242.44356424118857
mp-1187460,ThMoO3,0.0,-2.278413519,69.39050638341453
mp-1187442,ThPdO3,0.0,-2.0027143849999987,66.22347133013452
mp-1187556,ThReO3,0.0,-2.091384777499999,64.07673464732868
mp-22394,ThRu3C,0.0,-0.3110791070000004,74.76849403634931
mp-1068869,ThSi3Ir,0.0,-0.8362979199999998,88.57986979168912
mp-1070572,ThSi3Os,0.0,-0.7033307929999978,89.5452601215469
mp-1070238,ThSi3Rh,0.0,-0.8305215969999977,87.81147595094573
mp-1068732,ThSi3Ru,0.0,-0.7473108139999993,88.57160814289362
mp-1187425,ThSiO3,0.0,-2.4978899049999987,58.593404576833066
mp-10732,ThTaN3,0.0766,-1.507574309216659,67.1430690742335
mp-1079374,ThTaN3,0.0,-1.6063737942166654,131.28697753075446
mp-1105961,ThTaN3,0.382078325633433,-1.7388828067166628,262.8588260070863
mp-1187536,ThTaN3,0.4132424812629391,-1.7158470492166658,132.37428087202528
mp-1187448,ThWO3,0.0,-2.093059475,70.70192979791614
mp-3271,Ti3AlC,0.0,-0.591599556999995,72.50844376204412
mp-10675,Ti3AlN,0.0,-1.0264734757500025,69.78230623535126
mp-1217183,Ti3CuSn,0.0,0.1695721617999964,97.28217849262651
mp-20325,Ti3InC,0.0,-0.5424025163333326,75.98587116297644
mp-21233,Ti3InN,0.0,-0.9302428203333336,73.44868072467402
mp-760414,Ti3PdO,0.0,-1.4549544309999989,137.3242166641896
mp-644483,Ti3SnH,0.0,-0.4339768377499979,72.29986126465135
mp-4563,Ti3TlC,0.0,-0.5150032040000013,76.45206469424494
mp-9964,Ti3TlN,0.0,-0.8451593854166675,74.83343002536053
mp-1014257,Ti3ZnN,0.0,-0.9711554270000008,135.5074075256752
mp-1217033,TiAl3Ge,0.0,-0.1465815116666668,169.90677473580263
mp-774520,TiAlO3,0.0,-3.298947951666667,97.84417929423466
mp-1248327,TiAlO3,0.0,-3.1275915993333343,314.38311485811244
mp-1341716,TiAlO3,0.0,-3.103699614333334,314.092720217299
mp-1405134,TiAlO3,0.0,-3.107073006666668,105.63784455287283
mp-1475723,TiAlO3,0.0,-2.369078753666667,57.548401321217
mp-9716,TiBO3,0.0,-3.0005036555,95.70124589670452
mp-1187465,TiBeO3,0.0,-2.312304958666666,38.92037628226892
mp-5052,TiCdO3,2.4156,-2.632716396666666,220.5468578264304
mp-13641,TiCdO3,2.9251000000000005,-2.6714609706666663,119.04414777961352
mp-14550,TiCdO3,2.1213,-2.628918341666666,227.38653800449333
mp-20940,TiCdO3,2.4636,-2.631892803166667,229.44471704617425
mp-22345,TiCdO3,0.0,-0.6631747536666666,68.68324431916595
mp-1016846,TiCdO3,0.0,-2.4732249276666662,58.72678792988992
mp-1101047,TiCdO3,0.0,-1.5569257906666665,277.93610284000755
mp-1179263,TiCdO3,1.4505,-2.4513948271666663,256.34652840922064
mp-1179551,TiCdO3,2.7764,-2.5055279146666662,195.3942757687807
mp-19424,TiCoO3,0.0,-2.622026583166668,102.011734456397
mp-1179381,TiCoO3,2.2549,-2.4958390986666665,168.7798608046742
mp-755606,TiCrO3,0.4272999999999998,-2.774804165666667,210.1702097484956
mp-756083,TiCrO3,0.0,-2.769969235,336.02093158065657
mp-1147748,TiCuO3,0.0,-2.2287045096666667,60.86474174556893
mp-1187469,TiCuO3,0.0,-1.9361345076666676,57.10100527942184
mp-1206985,TiFe3N,0.0,-0.3396112996666659,52.23070739036822
mp-19074,TiFeO3,1.6437,-2.606594366666667,101.6130315680444
mp-19270,TiFeO3,2.5309,-2.697939042666667,102.29482436671373
mp-19417,TiFeO3,2.7585,-2.7176715776666667,102.6757785909774
mp-20073,TiFeO3,1.4865000000000004,-2.657886439666666,208.7715659572888
mp-694948,TiFeO3,0.0,-2.014351317291667,868.1009408044887
mp-1179354,TiFeO3,2.5901,-2.6544640136666677,161.98965776183974
mp-1277107,TiFeO3,2.2281,-2.729712792666666,219.16653632662977
mp-780260,TiGeO3,1.1246,-2.6830558546666667,142.2873660627807
mp-1105715,TiGeS3,0.3236999999999996,-1.1810453851666636,434.35899785867554
mp-7607,TiHgO3,1.3493999999999997,-2.2503720071666686,118.34433484930987
mp-1016842,TiHgO3,0.0,-2.1189645341666683,60.29679039566384
mp-19082,TiMnO3,2.0416,-2.9546040562528737,107.83263051258716
mp-19376,TiMnO3,1.7771999999999997,-2.918284943752874,106.62481101239544
mp-556925,TiMnO3,1.5349000000000004,-2.894614254252874,212.50152766807804
mp-697089,TiMnO3,0.0,-2.091326442252873,98.9266567412891
mp-743867,TiMnO3,1.2773000000000003,-2.7541916612528743,113.56933258435684
mp-2234285,TiMnO3,1.3274000000000004,-2.7551334142528736,113.83843812847203
mp-1246065,TiMoN3,0.0,-0.8674678686666667,272.7670655367388
mp-1216784,TiMoS3,0.0,-1.3682282511666657,170.2966491704345
mp-18732,TiNiO3,0.0,-2.596717666666666,100.19293107218306
mp-531689,TiNiO3,1.4963000000000006,-2.5807775575000003,624.0954126779501
mp-675030,TiNiO3,2.3735,-2.576398636166666,414.1901770745118
mp-690546,TiNiO3,2.2505,-2.578309968333334,300.53728897985826
mp-698587,TiNiO3,1.7081999999999995,-2.576704852666667,516.7503733668699
mp-850194,TiNiO3,0.0,-2.582765521666667,100.00880325404562
mp-989613,TiPN3,0.5281999999999996,-1.0268809313452394,65.01044611865268
mp-989624,TiPN3,0.5396000000000001,-1.057049672678572,196.4848437234296
mp-19845,TiPbO3,1.5743,-2.689368039666666,62.52581792285582
mp-20459,TiPbO3,1.8242000000000005,-2.730589785666664,64.50656431866487
mp-1106215,TiPbO3,2.7420000000000004,-2.725037469166663,294.1999112684277
mp-aaaieiqu,TiPbO3,2.4549,-2.7018506426666624,147.89050164339127
mp-996940,TiReN3,0.0,-0.719383345166662,106.7880800793473
mp-754246,TiSnO3,1.1472000000000009,-2.754611473666665,156.7978330522059
mp-1018639,TiSnO3,1.0452000000000004,-2.5965887846666678,61.66409761506848
mp-1187488,TiTeO3,0.0,-1.9543921250000005,62.21540914976123
mp-753428,TiVO3,0.0,-2.941060314166667,216.74951415159728
mp-755657,TiVO3,0.0,-3.000208739666667,104.65784905784908
mp-1216763,TiVO3,0.0,-3.0296165576666683,103.87320059980844
mp-1246544,TiWN3,0.0,-0.7554838342083343,331.8174909783118
mp-14142,TiZnO3,3.1156,-2.7925575876666664,106.96230133551444
mp-635713,TiZnO3,3.1234,-2.7254015106666665,148.20580247472665
mp-1016927,TiZnO3,0.0,-2.2840752396666666,56.759817119617246
mp-1078470,TiZnO3,2.828,-2.765818800666667,106.48434781971152
mp-1343137,TiZnO3,0.0,-2.7170082846666666,205.80190054063337
mp-998154,TlAgBr3,0.0,-0.813689626000001,158.15388901605056
mp-998608,TlAgBr3,0.0,-0.8205342860000012,316.11502618708124
mp-998610,TlAgCl3,0.0,-1.0111538749999984,129.27824855751618
mp-998748,TlAgCl3,0.0,-1.0104248980000012,269.8364452252637
mp-2763542,TlAgCl3,0.0,-0.7694437784999991,257.84717204161825
mp-998152,TlAgF3,0.0,-1.7050662480000007,86.82549214456475
mp-1400626,TlAgF3,0.0,-1.7064803780000013,86.82902291658905
mp-2763000,TlAgF3,0.0,-1.591401817000002,81.88453052563132
mp-1187494,TlBO3,0.0,-0.8391615275000014,44.17078148014977
mp-28809,TlBS3,1.6687,-0.6738856875000003,459.4035365498559
mp-29959,TlBSe3,0.8607999999999998,-0.2976489889374988,250.6334832317473
mp-29798,TlBrO3,3.5098000000000003,-0.6422784746666685,87.97115887456695
mp-1179184,TlBrO3,0.0542,-0.160194490666668,97.84323468975865
mp-2902256,TlBrO3,0.0,0.2444708292499967,85.01346182523042
mp-28219,TlCdBr3,2.7489,-1.1936581681666674,612.3731169494534
mp-28218,TlCdCl3,3.2973,-1.4343007311666678,535.2233003348425
mp-998623,TlCdF3,4.4691,-2.2820197769166675,86.5262629373115
mp-998759,TlCdF3,3.7002,-2.288422437916669,678.6302714587923
mp-1412222,TlCdF3,3.8902,-2.2791834149166683,86.27465927655058
mp-27252,TlCdI3,2.1776000000000004,-0.826551342166668,777.8845487563913
mp-1207995,TlCdN3,0.0,1.8919076743333392,89.45916280761851
mp-29738,TlClO3,4.3481,-0.7200705036666684,94.23296052646891
mp-567430,TlCoCl3,0.0,-0.9996371453333348,729.6611636242836
mp-567620,TlCoCl3,1.4967,-1.117170216666668,978.5949496811736
mp-569753,TlCoCl3,0.0,-1.1147599046666703,243.6142718966972
mp-2353285,TlCoCl3,0.2024999999999996,-1.1206084976666677,254.21047015636617
mp-998160,TlCoF3,0.0,-1.9925798936666688,74.10504154645177
mp-755788,TlCoO3,0.4640000000000004,-1.098110242666669,116.90235340971311
mp-756464,TlCoO3,0.0,-1.0749198131666682,232.6166094308966
mp-770614,TlCoO3,0.1429999999999998,-1.063678366666668,228.3428885007607
mp-1105306,TlCrO3,0.4300999999999995,-1.6936482416666678,233.87374183496345
mp-998147,TlCuCl3,0.0,-1.0514978251666698,111.9896865839664
mp-1105457,TlCuCl3,0.8937999999999999,-1.079020592166669,500.5452790429852
mp-554973,TlCuF3,0.0,-1.8996392456666653,68.20646083666094
mp-1187483,TlCuO3,0.0,-0.6566543456666679,56.751354716769065
mp-504821,TlFeBr3,0.4958999999999998,-0.920841691166668,577.9433921229842
mp-568553,TlFeBr3,0.0,-0.847640129666668,843.1851984228681
mp-998159,TlFeF3,3.4399,-2.0670502716666683,77.00625173301604
mp-23415,TlFeI3,0.5498000000000003,-0.4111310936666683,635.3074683484213
mp-505819,TlFeO3,0.7036999999999995,-1.3564833601666677,237.57148540071756
mp-756909,TlGaO3,0.2334000000000005,-1.6151248681666686,231.7348619025549
mp-1187481,TlGaO3,0.0,-1.2546120971666688,59.72488850685743
mp-998153,TlGeBr3,0.7555999999999998,-0.9987667366666676,171.58750587347944
mp-998746,TlGeBr3,2.2566,-1.0267664746666676,617.8031051932752
mp-998743,TlGeCl3,3.3207,-1.2840644956666676,324.69041758205674
mp-998744,TlGeCl3,1.3779,-1.2512993896666682,151.03928858108335
mp-2037716,TlGeCl3,3.8167,-0.986494500500001,293.5627370958193
mp-998711,TlGeF3,3.3443,-2.3053744156666687,192.7350977814041
mp-998712,TlGeF3,3.1344000000000003,-2.2773865366666683,105.97098872631972
mp-29288,TlGeI3,1.9161,-0.6864664226666679,768.288708546055
mp-1187533,TlGeO3,0.0,-1.3662863706666684,57.63479385946391
mp-1068746,TlHPd3,0.0,-0.2746980017500021,68.81794424742806
mp-1105094,TlHgCl3,2.6710000000000003,-1.14219878116667,568.7152231315773
mp-998710,TlHgF3,1.805,-1.8227417249166704,92.82479948765524
mp-998758,TlHgF3,2.1963,-1.8372671244166696,715.9586154911296
mp-1187530,TlHgO3,0.0,-0.1995418621666694,77.36541033597288
mp-22981,TlIO3,2.7816,-0.9688893346666674,91.31995051891964
mp-546200,TlIO3,0.0,-0.7248944806666685,76.7475819762978
mp-998713,TlInCl3,1.5597,-1.374230396000001,352.35104482949873
mp-998732,TlInCl3,0.0,-1.314082980000001,158.854574053747
mp-2767078,TlInCl3,2.5745,-1.1591475154999984,312.3057619233492
mp-5915,TlNO3,2.7867,-0.987506863666669,596.5466891150119
mp-557704,TlNO3,2.8691,-0.9831396180000012,663.2698541743425
mp-662551,TlNO3,0.0,-0.3042951441666687,721.2745227794272
mp-1205652,TlNiCl3,0.5372333838873002,-1.1478455686666678,238.9284548899522
mp-998761,TlNiF3,3.436,-2.178808631666669,68.28540381625542
mp-18001,TlNiO3,0.0,-0.9646001181666676,225.19137756897152
mp-998781,TlNiO3,0.0,-0.7340578276666683,57.6729815206356
mp-998845,TlNiO3,0.0,-0.9363136166666678,109.31815844005024
mp-1097917,TlNiO3,0.0,-0.6727211876666679,54.43417050466772
mp-1178989,TlNiO3,0.1478000000000001,-0.9632668821666676,223.64114407224048
mp-1403003,TlNiO3,0.0,-0.6727887956666677,54.43417078921127
mp-27144,TlPO3,3.4595,-2.257728706095238,638.7158327617263
mp-556932,TlPO3,3.6020000000000003,-2.2452811363452403,2032.6740776389731
mp-8249,TlPS3,1.7481999999999998,-0.6252910000952397,255.24432221846365
mp-676598,TlPbCl3,2.6017,-1.4401613519166676,1153.259999340162
mp-27552,TlPbI3,2.1423,-0.8882086816666674,435.6215032572197
mp-998786,TlPdF3,0.0,-1.692719063666669,77.94145138407865
mp-30058,TlSbO3,2.4362000000000004,-1.7119363986666662,178.47189652307534
mp-557787,TlSbO3,2.4363,-1.7126674476666672,362.4069017248385
mp-561465,TlSbO3,2.1502000000000003,-1.5779001221666682,410.6713564027069
mp-1179620,TlSbO3,2.0068,-0.953783781666668,260.24884551350834
mp-1187529,TlSiO3,0.0,-1.8603381476666685,50.85047420789469
mp-676130,TlSnF3,2.8207,-2.353603062416668,793.48417092851
mp-1205533,TlSnI3,1.9105,-0.8054596336666705,410.1888338873855
mp-1187623,TlTcO3,0.0,-1.5019897706666685,63.55683484571168
mp-1206817,TlVCl3,0.2734259209700855,-1.4648883806666677,255.39464681426665
mp-22330,TlVO3,2.9763,-2.008665790166668,331.92892040229884
mp-1187621,TlWO3,0.0,-1.6423453676666675,67.77767792105595
mp-998745,TlZnF3,3.9179,-2.3675020856666693,69.88057354988399
mp-574239,Tm3AlC,0.0,1.3321480684999814,149.00993333609298
mp-1018641,Tm3AlN,0.0,-1.1249351177500018,101.02200807164854
mp-10351,Tm3GaC,0.0,1.044850077999982,142.68368955345835
mp-21292,Tm3InC,0.0,1.4651489880300006,166.97639742414253
mp-19847,Tm3InN,0.0,-1.2240402537500017,103.91077415616378
mp-22542,Tm3PbC,0.0,-0.5580291750000057,110.927047927789
mp-21888,Tm3SnC,0.0,1.5111198639999954,168.5580322211173
mp-22556,Tm3TlC,0.0,1.4848706484133405,169.33127772071913
mp-756281,TmAlO3,5.7744,-3.775944358500001,197.8539217161666
mp-1101265,TmAlO3,3.5534000000000003,-3.718722775000002,116.83322033894945
mp-17620,TmBO3,2.3645,-3.200776610833336,324.08721585354914
mp-760484,TmBO3,4.5062,-3.488919676833335,116.35561242130828
mp-10134,TmBPd3,0.0,-0.6731662200454593,79.34907065360815
mp-5438,TmBRh3,0.0,-0.8222946998333356,71.52499705552428
mp-972395,TmBeO3,0.0,-2.8847607240000017,44.23705371244032
mp-754323,TmBiO3,3.1149000000000004,-2.835879719000002,155.422468802458
mp-755216,TmBiO3,2.4462,-2.812053290000001,154.18326625164255
mp-1216578,TmBiTe3,1.1145000000000005,-0.9306508277499972,177.70710128082487
mp-561954,TmCoO3,1.1885999999999997,-2.637331035000001,215.82653245179552
mp-777295,TmCrO3,2.6809,-3.2474085135000004,213.01460640525085
mp-1187577,TmCrO3,1.9289,-2.8484583450000023,56.34323775911637
mp-20651,TmFeO3,1.6096,-2.874276493000002,227.02195562690423
mp-558400,TmFeO3,0.0,-2.888833371666668,363.35092316188
mp-1207932,TmGa3Os,0.0,-0.557037808000003,254.92630433850607
mp-17424,TmGa3Ru,0.0,-0.5788068044999998,254.0837492887783
mp-754578,TmGaO3,3.6067,-3.158924132000001,221.8765888158945
mp-768469,TmGaO3,2.922,-3.20338826316667,356.19089171946547
mp-1101269,TmGaO3,2.4668,-3.181510882500001,123.77303604118885
mp-1187655,TmGeO3,0.0,-2.306310488000002,58.73100332958047
mp-1101263,TmInO3,2.5259,-2.9557228683333348,261.98237593932004
mp-1232191,TmMgS3,0.2669000000000001,-1.5482208590000006,508.5283680800948
mp-1232251,TmMgS3,0.0,-1.6381491158333337,679.5347604872387
mp-1238772,TmMgS3,0.0,-1.5125258415000005,250.64586918426204
mp-1232198,TmMgSe3,0.0,-1.500398540406252,781.9479858337598
mp-1237962,TmMgSe3,0.0,-1.381498284406251,284.98460758459646
mp-554211,TmMnO3,0.0,-3.0981619685862096,360.1896989084128
mp-554270,TmMnO3,2.0076,-3.057083120086209,228.3572196462005
mp-1079044,TmNiGe3,0.0,-0.5372414310000011,174.42398003641927
mp-19002,TmNiO3,0.0,-2.5267116350000025,203.77587181393056
mp-1106304,TmNiO3,0.0,-2.5272186080000028,211.52687155397024
mp-10714,TmRh3C,0.0,-0.5382344230000058,70.24211552659936
mp-1207705,TmRhO3,1.3457,-2.6079338800000023,221.62220557287324
mp-1206773,TmRu3C,0.0,-0.2593120610000028,69.64222759351004
mp-1187557,TmScO3,2.5716,-3.400747740000001,64.08062583322518
mp-1207696,TmScO3,4.422817466760316,-3.980072895500001,245.33436393081757
mp-768396,TmSeO3,1.819004474645301,-2.542680966468751,616.7971595804588
mp-755525,TmTiO3,0.0,-3.6521240866666687,229.4619594272196
mp-1101279,TmTlO3,0.7359999999999998,-2.5067636631666703,284.70342348098484
mp-755258,TmVO3,0.0,-3.3200214880000045,218.7038155529416
mp-972367,UAlO3,0.0,-3.236607310999998,53.43791980987773
mp-1187784,UBO3,0.0,-2.221621748833331,46.18361720936252
mp-1069774,UBRh3,0.0,-0.5855646567527231,75.89935725946259
mp-1187752,UBeO3,0.0,-3.0523827199999984,45.87033247113277
mp-1105902,UCoS3,0.0,-1.2009246255104074,339.59898733144945
mp-1188226,UCoSe3,0.0,-0.9655338844062484,398.2120878761391
mp-22063,UCrS3,0.0,-1.3814404190000034,394.1513610207951
mp-1106185,UCrSe3,0.0,-1.1443465384062486,454.9528345796493
mp-22667,UFeS3,0.0,-1.2415728834999982,167.01026619328368
mp-1079562,UFeSe3,0.0,-0.8242295474062488,213.5580130117532
mp-31428,UGa3Ni,0.0,-0.1921807444999991,86.96598077044601
mp-1070301,UGa3Ni,0.0,-0.2743314364999996,88.68806150312868
mp-1187745,UHgO3,0.0,-2.6441475635,78.90639189116675
mp-1187781,UIrO3,0.0,-1.5425421109999988,64.44878895065206
mp-19912,UMnSe3,0.0,-1.0490243299924544,196.0794104290105
mp-1189264,UNiS3,0.0,-1.2805499579999975,349.6838739129457
mp-1188256,UNiSe3,0.0,-1.0594299554062487,408.48947071885175
mp-1216814,UOF3,0.0,-3.3358277939999987,64.34679904975295
mp-1187714,UPdO3,0.6282000000000005,-2.4486557449999977,74.63127625787703
mp-21103,UPdSe3,0.0,-1.100248432906249,453.3335669590277
mp-28607,UReB3,0.0,-0.5540231669999969,113.23622457214516
mp-1187779,UReO3,0.0,-1.8457450874999977,63.10483032393257
mp-21217,URhS3,0.0,-1.317842911499998,365.33815036355753
mp-1105660,URuS3,0.0,-1.2896269361875,365.328437596662
mp-1068256,USi3Ir,0.0,-0.5640612199999978,85.4537301031815
mp-1187767,USiO3,0.0,-2.4532448329999985,54.68087788655943
mp-1187783,UTcO3,0.0,-2.016279138,62.43743604560292
mp-1187736,UTiO3,0.0,-3.1058697736666643,60.35636391639875
mp-865322,UTlO3,0.3060999999999998,-2.9387770976667262,80.91677642495134
mp-1188711,UVS3,0.0,-1.5183990974999986,381.1605313319762
mp-1188372,UVSe3,0.0,-1.251679570406247,454.3897677010349
mp-27769,V3AsC,0.0,-0.5797595515000011,120.2811550443676
mp-1079224,V3AsN,0.0,-0.8696673849166615,120.33706630027795
mp-635460,V3AuN,0.0,2.204516176249993,116.14912797757364
mp-1078963,V3GaN,0.0,-0.7502546365000058,117.87415883464467
mp-1079313,V3GeC,0.0,-0.4726185979999996,119.2939672102273
mp-1079695,V3GeN,0.0,-0.7924901239999983,117.59483039319048
mp-1080573,V3PC,0.0,-0.7016265669285715,112.25378799138096
mp-1079048,V3PN,0.0,-1.0387883233452384,110.27027438675988
mp-559736,VAgO3,1.6283,-1.7643844918333442,248.9280851708048
mp-624691,VAgO3,1.9189,-1.8160200937500008,278.1337865832349
mp-1100926,VAgO3,1.7207,-1.676857912833333,609.6622395004396
mp-1539374,VAgO3,1.9209,-1.752682765833346,287.6306546239166
mp-18946,VBO3,1.8527,-2.726639265833333,89.69635938619571
mp-756282,VBiO3,1.2434000000000005,-2.077773306,238.85016311841895
mp-1187744,VBiO3,0.0,-1.814427443000001,61.15148173351132
mp-22649,VCdO3,0.4319000000000002,-2.0015085255,218.64374944563585
mp-556857,VCdO3,0.0,-2.0716881860000016,269.95413520633264
mp-1016904,VCdO3,0.0,-1.7858313570000006,56.628589540333415
mp-22938,VCl3O,2.8991,-1.2523528580000012,536.8227691370997
mp-10057,VCoB3,0.0,-0.6105516375000007,77.17491167517669
mp-1187746,VCoO3,0.0,-1.4811461730000013,53.84456178860735
mp-1206118,VCoO3,0.1143,-2.0000814740000004,104.84497603539772
mp-1277045,VCoO3,1.1513999999999998,-1.9228994300000004,103.06190016310504
mp-2754394,VCoO3,0.0,-1.99485521725,92.4212721610739
mp-753988,VCrO3,1.2604999999999995,-2.439350694999997,199.0053114847884
mp-754036,VCrO3,0.4304999999999994,-2.439794715999997,198.72935474740825
mp-755281,VCrO3,0.2827999999999999,-2.4382589024999985,198.97723319771276
mp-757023,VCrO3,1.345592305652704,-2.437314119499999,199.08241372395443
mp-770778,VCrO3,0.3779000000000003,-2.437594931999997,199.09235298037532
mp-770779,VCrO3,0.0,-2.441186287499998,199.00476310146337
mp-770843,VCrO3,1.2463999999999995,-2.439380242499999,198.9786550917356
mp-770849,VCrO3,0.2614999999999998,-2.439438889999998,198.97637091413105
mp-770855,VCrO3,0.3728999999999995,-2.4390213990000005,198.9488666434879
mp-803450,VCrO3,0.0,0.2684254655000003,210.11675665237956
mp-806062,VCrO3,0.0,0.1699388385000006,209.9419207543268
mp-806072,VCrO3,0.0,0.1572299530000009,210.22288555063437
mp-807999,VCrO3,0.0,0.1831625800000011,209.8286353801246
mp-1101715,VCrO3,0.0,-2.4408656934999966,198.9706380935201
mp-1216392,VCrO3,1.6132999999999995,-2.443056250999997,99.6975000973038
mp-1337287,VCrO3,0.0,-1.1768438839999988,210.7371721527877
mp-1370790,VCrO3,0.0,-0.8870888744999987,209.8286353801246
mp-1373421,VCrO3,0.0,-0.8858314099999987,210.11675665237956
mp-1374293,VCrO3,0.2585770008436725,-1.085062476999998,210.9551688388535
mp-1375284,VCrO3,0.0,-0.8025706329999991,209.9419207543268
mp-1376270,VCrO3,0.0,-1.1505534859999984,209.63491910610676
mp-504580,VCuO3,0.7027000000000001,-1.7961252550000004,102.93500469095072
mp-562987,VCuO3,0.9627,-1.7839995670000015,80.04269880900075
mp-1105167,VCuO3,0.0,-1.737232236500001,196.87983138529864
mp-2371810,VCuO3,0.9255,-1.7963380710000003,81.01951592977308
mp-755580,VGaO3,1.4157000000000002,-2.309716111000001,207.8719692622452
mp-755199,VGeO3,0.0124000000000004,-2.1596761255000017,239.22716142895217
mp-625246,VHO3,2.1038,-1.9377663925833333,358.6534085084494
mp-625258,VHO3,2.1433,-1.93760657,346.8933661492567
mp-625292,VHO3,2.086,-1.9614499305833333,335.2160998948648
mp-625407,VHO3,1.868,-1.9375647632499997,362.9160286664567
mp-627119,VHO3,0.6587999999999999,-1.9170865072500007,260.8288946244048
mp-627209,VHO3,0.0,-1.8434956132500004,253.75416024066269
mp-627684,VHO3,0.3165000000000001,-1.6887453912500008,282.6625891123868
mp-1178874,VHO3,2.1076,-1.9641862629166664,341.85945458103134
mp-1178894,VHO3,0.0,-1.9223232027500017,262.1541416440997
mp-29188,VHgO3,2.1756,-1.788131403500003,147.3591996311414
mp-1016938,VHgO3,0.0,-1.500489613500001,57.7087725860362
mp-972116,VIrO3,0.0,-0.6468060450000024,60.57538264454688
mp-1246912,VMoN3,0.0,-0.4587628120000005,269.4254658905697
mp-1205732,VNCl3,0.0,-0.3303122450000003,273.3248581182874
mp-1178820,VNO3,0.0,-1.332170090000001,349.92281877251384
mp-1189181,VNO3,0.0,-1.3234781260000006,302.6454717235132
mp-1189578,VNO3,0.1755,-0.3296807404999995,398.6705495678396
mp-1206033,VNiO3,0.0,-1.9706471140000008,97.36441446710847
mp-1273627,VNiO3,0.0372000000000003,-1.918388258,102.60262241030392
mp-556026,VOF3,3.6563,-2.7122177955,263.0380207108062
mp-752787,VOF3,3.4485,-2.6910812335000003,303.26416939423234
mp-752824,VOF3,3.2211,-2.682941618,334.47535147009444
mp-753030,VOF3,3.3637,-2.6918188775000003,309.7153173231089
mp-753525,VOF3,3.2113,-2.6872662820000004,264.6458175769678
mp-754919,VOF3,3.0252000000000003,-2.690601848,141.65023756452416
mp-756077,VOF3,2.876,-2.6858357315000005,285.9154176110699
mp-759725,VOF3,3.0935,-2.6643981435,279.6540396337506
mp-759983,VOF3,3.4794,-2.667205556500001,357.6686713467723
mp-760178,VOF3,2.8799,-2.661157696000001,267.495978880753
mp-760313,VOF3,2.2229,-2.616592476,141.1417368698996
mp-760338,VOF3,2.2201000000000004,-2.6159135469999995,292.8180279633779
mp-760367,VOF3,2.6463,-2.6585714260000004,137.96643699567014
mp-761122,VOF3,3.873,-2.687265024,407.6502240264916
mp-761177,VOF3,3.0291,-2.6541428325,277.9668012187629
mp-764274,VOF3,3.4012,-2.705912734499999,254.9699431473032
mp-775981,VOF3,1.8411,-2.6491414135,271.45071014566736
mp-776441,VOF3,1.8397,-2.649458064,273.14908604060963
mp-776473,VOF3,2.9487,-2.686548811,288.990537098313
mp-776474,VOF3,3.0568,-2.689307203,299.2199471585771
mp-781081,VOF3,3.113,-2.6898256070000004,145.47054858084292
mp-850876,VOF3,2.9217,-2.6820766515,289.3188971110432
mp-2903341,VOF3,4.1483,-2.663690812,311.6502232639021
mp-1187750,VOsO3,0.0,-0.8335904470000003,59.87848531636664
mp-1078971,VPS3,0.1223,-0.7786472474285702,202.8701221007288
mp-20032,VPbO3,1.4143,-2.1146165890000006,145.6213593813756
mp-1070440,VPbO3,0.0,-2.012154289,60.81770785843361
mp-972184,VPtO3,0.0,-0.9562793990000004,55.45191986776771
mp-21862,VRu3C,0.0,0.0695348693055592,64.16377149498896
mp-754608,VSiO3,1.4652999999999992,-2.8087977035000007,211.80663719870824
mp-1207852,VSnO3,0.0,-1.9582395295000008,239.54344004967217
mp-1100777,VTeO3,0.0,-1.3458350183333336,60.636667488791325
mp-1247461,VWN3,0.0583,-0.4594191918749999,294.8901188115564
mp-1016931,VZnO3,0.0,-1.680350171,54.02571356190828
mp-1378086,VZnO3,0.8621000000000003,-2.124512842500001,202.89708302378835
mp-556208,WCl3O,0.0,-1.1482920349999994,574.2862582522175
mp-28573,WI3O,0.8858000000000001,-0.5825306324999993,756.6442946376959
mp-1188654,WNCl3,2.1420000000000003,-1.1160231234999998,529.8241638023845
mp-753398,WOF3,2.3593,-2.610063786,252.7087354003972
mp-753808,WOF3,0.0,-2.4605589225,327.5556058311811
mp-766847,WOF3,0.0,-2.4732385959999994,333.1717857786305
mp-4448,Y3AlC,0.0,-0.3920329050000006,116.67131043219946
mp-10601,Y3GaC,0.0,-0.4521555745000015,114.38686351547275
mp-19817,Y3InC,0.0,-0.5045066883333306,118.97276161300869
mp-21017,Y3PbC,0.0,-0.5440004069999957,118.33713615433366
mp-10608,Y3SnC,0.0,-0.6316865280000016,116.70906562829444
mp-9960,Y3TlC,0.0,-0.4615310476666664,118.35137178961192
mp-1094009,YAgO3,0.0,-1.5306613273333334,86.74504699043106
mp-1369676,YAgO3,0.0,-2.1537664816666675,410.7811382141837
mp-1369873,YAgO3,0.0072,-2.0846601763333323,262.8602745640324
mp-1418929,YAgO3,0.0,-1.580749917333334,66.64785960361091
mp-1215933,YAl3Ag,0.0,-0.3958024448533365,99.64094875548548
mp-4054,YAl3Ni,0.0,-0.5905468749999997,346.44773625969634
mp-3792,YAlO3,5.538999999999999,-3.7122381155,202.91174903140487
mp-7964,YAlO3,3.4990999999999994,-3.628848293,121.03513647008224
mp-756214,YAlO3,4.977900000000001,-3.685266474,104.06847158327304
mp-756705,YAlO3,4.0582,-3.670636426666668,397.1641799747765
mp-29205,YBO3,5.1696,-3.5222596525,327.0097545684276
mp-760457,YBO3,4.5981000000000005,-3.437200335833333,121.2254944061883
mp-1100874,YBO3,4.7952,-3.485943071833333,248.2914312338085
mp-1100876,YBO3,4.4,-3.4457634138333333,123.1056118722788
mp-1216067,YBO3,4.2311,-3.4725170958333336,125.23366719974508
mp-1018643,YBPd3,0.0,-0.6827228513308767,80.90384834931565
mp-1018644,YBPt3,0.0,-0.8788740581777745,82.00263382948431
mp-29725,YBRh3,0.0,-0.7654750458333339,72.97287522061936
mp-754152,YBiO3,2.4761,-2.750124736000001,159.81620942451218
mp-768221,YBiO3,3.0748,-2.764777345,160.11286607696232
mp-1358047,YBiO3,2.0650000000000004,-2.677684977000001,495.5493266680825
mp-1369528,YBiO3,1.6856,-2.6320648410000005,313.81074651439235
mp-1406000,YBiO3,2.2950000000000004,-2.642528717,168.4330736052438
mp-1424898,YBiO3,0.0,-1.698720087000001,85.68108313135833
mp-1215930,YBiTe3,1.0246999999999993,-1.051943438,177.25846086848023
mp-22668,YCoO3,0.0,-2.5912072365000016,205.82626822115907
mp-1273178,YCoO3,0.3085,-2.5802562415,226.93867728566613
mp-1288734,YCoO3,0.1141,-2.5764473985,225.35994112535496
mp-1330514,YCoO3,0.0072999999999998,-2.569189790666668,376.25813589890873
mp-1387356,YCoO3,0.0,-2.485567114,128.09699479242505
mp-1435972,YCoO3,0.8332000000000002,-2.360876707,54.26048474581901
mp-18725,YCrO3,2.3271,-3.1910126505000016,219.3803195109757
mp-18770,YCrO3,1.7679,-2.887705085000001,57.23928827956947
mp-1336975,YCrO3,1.3989000000000005,-3.0330863893333344,385.4542581135768
mp-1387900,YCrO3,0.0,-2.9735202120000017,124.58936605980726
mp-1333124,YCuO3,0.0432000000000001,-2.419534634000001,365.1007652871897
mp-1340758,YCuO3,0.0,-2.4080822260000003,223.45319909981657
mp-1432347,YCuO3,0.0,-2.208991297,54.10253626517338
mp-755109,YErO3,4.5444,-3.907949495,282.8783611573885
mp-20783,YFeO3,1.5888,-2.8186637234999994,226.55587769724715
mp-1275986,YFeO3,0.0,-2.821769902,252.6825217865593
mp-1376289,YFeO3,1.3022237360312572,-2.8166984936666686,376.5719109281056
mp-1416093,YFeO3,0.6372999999999998,-2.489925657000001,58.55670870199426
mp-1215945,YGa3Cu,0.0,-0.4575381565000008,87.4429006031322
mp-1104503,YGa3Ru,0.0,-0.5804244104999999,260.82491464872265
mp-17853,YGaO3,2.9043,-3.125843044833334,382.2256825292596
mp-768889,YHoO3,3.0775,-3.901504207333332,456.3680585577812
mp-504607,YInO3,2.0525999999999995,-2.9694000003333345,421.0249555696462
mp-754226,YLuO3,3.3403,-3.965580118333333,148.49016885400343
mp-1101170,YLuO3,4.7426,-3.9627432763333337,271.3380901897545
mp-1232166,YMgS3,0.0,-1.5027642089999993,511.3976916245505
mp-1237973,YMgS3,0.1962000000000001,-1.5440469814999993,261.7865339868308
mp-1232305,YMgSe3,0.0,-1.42593375940625,287.56634160607763
mp-1232338,YMgSe3,0.0,-1.49479926440625,799.1719285192389
mp-19227,YMnO3,0.0367000000000001,-3.007963200252874,125.05119599578148
mp-19385,YMnO3,1.6025999999999998,-3.027483251919541,373.2740106140465
mp-20699,YMnO3,1.5091,-3.0043879950862062,235.56508314016247
mp-1434307,YMnO3,0.0,-2.7024312685862077,58.06198077710698
mp-989604,YMoN3,1.836,-1.0928410905000008,298.7641608959705
mp-1371109,YMoO3,0.0,-2.738577646000001,428.9673729625228
mp-1379411,YMoO3,2.2163160966916937,-2.888439059000001,245.85946991487663
mp-1445377,YMoO3,0.0,-2.690170795,144.31013645546886
mp-1503976,YMoO3,0.0,-2.3132887630000014,68.32803813085468
mp-8467,YNiGe3,0.0,-0.5706144129999998,178.75356275824376
mp-19242,YNiO3,0.0,-2.465712242000001,210.04992412781704
mp-1346989,YNiO3,0.0064999999999999,-2.395287507666666,375.8404175698725
mp-1399857,YNiO3,0.0,-2.2111637410000013,123.87001707331976
mp-1433326,YNiO3,0.0,-2.255747862999999,53.02524252258976
mp-979436,YOsO3,0.0,-1.846845363,62.30532592089454
mp-1018629,YPd3C,0.0,-0.242323623,79.48819715244197
mp-1018645,YPt3C,0.0,-0.2532588349999983,80.86670404559577
mp-989611,YReN3,0.0,-0.8454127697500013,118.40917513126834
mp-989628,YReN3,0.0,-0.8690466717500016,318.2815021966192
mp-989647,YReN3,0.0,-0.8778761112500006,231.49274444991727
mp-998367,YReN3,0.0,-0.7521960137500002,61.4222483000434
mp-22120,YRh3C,0.0,-0.4758419150000009,71.69255674971174
mp-1207629,YRhO3,1.1799999999999995,-2.5470698450000064,228.16866006717177
mp-1340878,YSbO3,0.7162000000000006,-2.592731908,296.8252317901596
mp-1347073,YSbO3,1.4655000000000005,-2.666128834666667,466.3150144826377
mp-1389035,YSbO3,1.4299,-2.649574398,158.70455487683046
mp-1416619,YSbO3,0.0,-1.9098789530000004,76.78692265678544
mp-1215924,YSbTe3,0.8608000000000002,-0.9937956739999996,171.01305685561616
mp-755165,YScO3,4.4314,-3.932606217,251.95223031798207
mp-768479,YScO3,3.2044,-3.930425964,138.94105351591026
mp-769007,YScO3,3.1406,-3.941366084666667,402.5685491357447
mp-7792,YScS3,1.7758000000000005,-2.2753331596874986,426.5956187539359
mp-769404,YSeO3,1.8121,-2.499224003468754,621.1035251012897
mp-1068587,YSi3Ir,0.0,-0.776719828000001,85.30545894701842
mp-10284,YSi3Ni,0.0,-0.6806413979999988,162.36362859836086
mp-1187862,YSiO3,0.0,-2.7951437510000003,51.6245791069196
mp-1343054,YSnO3,1.950264569468912,-2.7733691865000005,288.862121719322
mp-1376465,YSnO3,0.0,-2.7952369290000005,449.90207595569206
mp-1394022,YSnO3,0.0,-2.7834382310000003,151.63367792256705
mp-1412687,YSnO3,0.0,-2.1634026060000004,71.05362594266687
mp-989557,YTcN3,0.0,-0.8072201002916699,59.9919085742968
mp-989640,YTcN3,0.0,-0.8444915997916667,311.9212490035165
mp-1216018,YThC3,0.0,-0.2226072274999978,299.3377689721275
mp-4355,YTiO3,0.0,-3.6027808691666663,235.49787086691995
mp-1342458,YTiO3,0.0,-3.605859811999999,386.4233566548507
mp-1436662,YTiO3,0.0,-3.358017141666667,59.0010722886116
mp-1443298,YTiO3,0.0,-3.582761353666668,130.09900526231206
mp-753995,YTmO3,4.582000000000001,-3.9333218225000017,278.62127367824564
mp-766256,YTmO3,4.0595,-4.018697117750002,577.9217459824528
mp-768353,YTmO3,3.1706000000000003,-3.945753290666667,448.20930423084536
mp-18883,YVO3,0.0,-3.2656779040000017,224.27321131213785
mp-1375509,YVO3,1.1014,-3.184956397333335,394.4852380193316
mp-1402500,YVO3,0.0,-3.1116951150000007,132.7156948137553
mp-1504764,YVO3,0.0,-2.9123860390000003,59.63050756183239
mp-989407,YWN3,1.5150999999999994,-1.183013483250008,132.66287878756367
mp-989576,YWN3,1.5404,-1.1756559072500068,125.10776915767164
mp-989609,YWN3,1.1259,-1.1991516322500075,139.32116428808015
mp-989615,YWN3,2.1947,-1.2215956657500016,303.4933381065926
mp-989617,YWN3,1.4127999999999998,-1.197259064250008,151.49849982350327
mp-989645,YWN3,1.4066999999999998,-1.201808497250002,156.8645234238009
mp-1369924,YWO3,2.268260727942181,-2.7308813945,262.56262280021065
mp-1375712,YWO3,0.0,-2.560648016,422.5725917460829
mp-1401965,YWO3,0.0,-2.545540597,143.10874265346973
mp-1402304,YWO3,0.0,-2.146636305,69.09315987921504
mp-766243,YZrO3,0.4270850635085317,-3.6453083495,571.3564549400056
mp-1215965,YZrO3,0.5552000000000001,-3.6032292082499993,576.0795248103736
mp-1206360,Yb3AlC,0.0,-0.6206852850000019,107.0269728087818
mp-21206,Yb3GaC,0.0,-0.6945973430000038,104.8167086200452
mp-3216596,Yb3GeO,0.0,-1.599535311750003,190.68919578477
mp-19777,Yb3InC,0.0,-0.759455835,109.3417602349456
mp-1206138,Yb3PbC,0.0,-0.7479027830000063,109.06175810529128
mp-11652,Yb3PbO,0.0,-1.427881028750005,101.75364526091964
mp-3216524,Yb3SiO,0.0,-1.5452387977499995,187.994499502588
mp-22263,Yb3SnC,0.0,1.5011902710000016,162.1994368716693
mp-11651,Yb3SnO,0.0,-1.5457810287500025,100.602882131005
mp-22004,Yb3TlC,0.0,1.579169522999996,162.05117002980853
mp-1215459,YbAl3Au,0.0,-0.6037967909999992,94.50282555022498
mp-758371,YbAlO3,0.0,-3.51754615225,48.36626810038604
mp-759116,YbAlO3,0.0,-3.66203571625,112.05612796442996
mp-1187924,YbAuO3,0.0,-1.103374908249998,66.95613126911024
mp-5364,YbBO3,0.0,-3.4263751137500007,111.70840702841186
mp-2760250,YbBO3,4.9925,-3.3903404207500016,115.5751253612175
mp-3216857,YbBO3,5.148199999999999,-3.351376579750001,111.96541111030702
mp-10135,YbBPd3,0.0,-0.6576229255000016,77.17639899309155
mp-3686,YbBRh3,0.0,-0.8939846434999993,71.18730435409356
mp-1187905,YbBeO3,0.0,-2.71787133675,42.78656336539638
mp-1101165,YbBiO3,0.0,-2.6508198422500016,149.1522354294573
mp-1187568,YbCdO3,0.0,-1.4345581222499988,67.22070115086764
mp-1079021,YbCeS3,0.0973000000000006,-2.3905657686875004,231.7884569436376
mp-20764,YbCeSe3,0.0,-2.189161334437503,263.25718741636217
mp-1187572,YbCrO3,0.0,-2.8502928842500013,53.622082005237736
mp-1187562,YbCuO3,0.0,-2.0313620082499995,51.1109793359422
mp-1215722,YbDyS3,0.0,-2.3461414616875005,420.78074706501695
mp-1187715,YbEuO3,0.0,-3.0950932272499982,74.668272780079
mp-1215511,YbGa3Au,0.0,-0.5535416629999986,93.2558347492054
mp-1215535,YbGa3Cu,0.0,-0.4766387470000012,85.05626736771056
mp-1187561,YbGaO3,0.0,-2.672650508250001,53.58790293782371
mp-865758,YbGeO3,1.0156999999999998,-2.069818868250002,56.034801218581485
mp-1018646,YbH3Pd,0.0,-0.4353110382500006,48.430270784145954
mp-1205559,YbInBr3,2.983350614284641,-1.4116928234999988,326.7426444744273
mp-1187569,YbInO3,0.0,-2.06029174025,67.31772290900678
mp-972160,YbMgO3,0.0,-2.50425254525,53.94974339381145
mp-1187578,YbNbO3,0.0,-2.4220194062500013,64.95432197546498
mp-1187576,YbNdO3,2.2804,-3.363809463749999,73.65118249533525
mp-560374,YbNdS3,0.0,-2.398504084187499,230.7522707962144
mp-11787,YbNdSe3,0.0,-2.1954131919375017,261.85275974738653
mp-1018647,YbNiH3,0.0,-0.4813991022499991,40.91763727508887
mp-1187595,YbNiO3,0.0,-2.267912244249999,49.6181154049852
mp-1187570,YbPdO3,0.0,-1.617355072250001,59.980048031809936
mp-1079995,YbPrS3,0.0,-2.396641787020832,233.43575936280757
mp-11786,YbPrSe3,0.0,-2.198210112770835,264.5596607828095
mp-1187480,YbPtO3,0.0,-1.3967261902500012,63.316917839497954
mp-1187542,YbPuO3,0.0,-2.567013734,79.98423801174867
mp-1187535,YbReO3,0.0,-1.7198935107499975,60.62195365801589
mp-10716,YbRh3C,0.0,-0.6192783770000005,69.9749107529625
mp-1206413,YbRu3C,0.0,-0.3203438479999988,69.3368233399012
mp-1187493,YbScO3,0.0,-3.24193540725,62.482436628725175
mp-1187516,YbSiO3,4.068899999999999,-2.5573448272500032,47.896258007946656
mp-11788,YbSmSe3,0.0,-2.1812732264375,257.4818358024312
mp-1187515,YbSnO3,1.7074999999999996,-1.8246114642500004,67.42555418400103
mp-1187479,YbTaO3,0.0,-2.523844561716669,63.34264271803532
mp-1187518,YbTcO3,0.0,-2.0405115142499994,59.734170062156586
mp-753164,YbTiO3,3.5666,-3.511420170583335,120.09880182192474
mp-865218,YbTiO3,1.8974999999999995,-3.140033187583336,56.585377934505445
mp-1206321,YbTlBr3,3.6908104292557615,-1.490408497499999,323.8086739675948
mp-972058,YbTmO3,0.0,-2.9789878082500025,72.51741112809172
mp-1187485,YbWO3,0.0,-2.00482058625,61.36772489668335
mp-1215537,YbZnGa3,0.0,-0.3731163159999994,89.74490797123948
mp-1187797,YbZnO3,0.0,-2.1076689832499995,53.55546376489233
mp-1246464,Zn3SbN,0.0,0.2200731292499995,156.14831360063857
mp-14099,ZnAgF3,1.5852,-1.9979097893333324,67.57226876423228
mp-998537,ZnAgF3,1.3463,-2.0335333843333325,137.55397762368642
mp-971700,ZnAuO3,0.0,-0.1539920889999997,60.89549963874947
mp-971704,ZnBO3,0.0,-1.0387559968333329,38.57356425344683
mp-971706,ZnBiO3,0.0,-1.2117985210000009,59.84143837094604
mp-1378105,ZnBiO3,0.8814050363816994,-1.5115902250000004,265.9450071380185
mp-9812,ZnCO3,3.5766,-1.8220147500000032,93.45393807406116
mp-10271,ZnCo3C,0.0,0.108963795000001,51.76809967998051
mp-753026,ZnCoO3,0.2130999999999998,-1.326151463,207.1137448730862
mp-758652,ZnCoO3,0.0,-1.3001747520000002,96.65191092533512
mp-1369159,ZnCoO3,0.0036,-1.2051898494999995,182.5624000013516
mp-1341277,ZnCrO3,0.0242,-1.8392645585,200.16963281443952
mp-1100778,ZnCuO3,0.0,-0.5411002750000001,52.11003339679049
mp-10266,ZnFe3C,0.0,0.0125933630000005,53.70595332938856
mp-755099,ZnFeO3,0.0,-1.465996035,105.60542373837738
mp-755535,ZnFeO3,0.0,-1.4638612755000004,227.47596740388872
mp-1373518,ZnFeO3,0.0,-1.4186808380000002,203.6930685207765
mp-971733,ZnGaO3,0.0,-1.1479751685000004,56.10200871917653
mp-8285,ZnGeO3,2.1264,-1.966392217,103.48547026309927
mp-1016930,ZnGeO3,0.0,-1.410527672,51.56030223075543
mp-1020631,ZnGeO3,1.3848999999999996,-1.894307236,99.33942065803808
mp-1016926,ZnIrO3,0.0,-0.709951083,59.639716349152586
mp-1379617,ZnMoO3,0.0,-1.8430667805,226.11301305390992
mp-1207389,ZnNF3,0.0,-0.5688180240000001,63.814802922926106
mp-16290,ZnNi3C,0.0,-0.0589960349999998,53.42302453099387
mp-1069270,ZnNi3N,0.0,-0.2205454129999992,51.77056123443007
mp-1378884,ZnNiO3,0.0,-1.0319770500000005,192.0181268130332
mp-1016836,ZnOsO3,0.0,-0.9592664469999996,59.17670270509917
mp-3342,ZnPS3,1.9922,-0.4976634418133415,226.03806418074143
mp-1078329,ZnPbO3,0.0,-1.4736028059999997,128.45820493772405
mp-1016880,ZnRhO3,0.0,-0.6853224649999994,58.92249507561895
mp-1348382,ZnSbO3,0.3548,-1.6620442704999996,246.05121608245983
mp-4682,ZnSeO3,3.4441999999999995,-1.4402882004687498,240.8393292100707
mp-5338,ZnSeO3,3.9227,-1.5024296932187504,538.6539781098929
mp-562182,ZnSiO3,3.4382999999999995,-2.644600209,234.7613099162203
mp-619034,ZnSiO3,3.3917,-2.639511696875,917.856103283554
mp-641917,ZnSiO3,3.3367999999999998,-2.635991705,457.4908908673707
mp-1016876,ZnSiO3,0.0,-2.114321977000001,44.4463555048899
mp-1020623,ZnSiO3,3.5938,-2.545076481,93.45862085830956
mp-1178612,ZnSiO3,3.5718,-2.6564697375,271.8030829899101
mp-13334,ZnSnO3,1.0809999999999995,-1.9394251929999995,117.57007878380284
mp-14628,ZnSnO3,1.3215,-1.9259182679999995,119.3966291288976
mp-1016902,ZnSnO3,0.0,-1.2679441539999998,65.39671100186958
mp-1337169,ZnSnO3,1.1063178585305646,-1.8980066144999996,231.03061953050977
mp-1093994,ZnSnS3,0.3587999999999995,-0.5004279738303594,206.7889340006348
mp-16819,ZnTeO3,3.4996,-1.6326734050833338,572.6336391061509
mp-1340971,ZnWO3,1.8923,-1.8494045585000003,227.8950586455768
mp-1427680,ZnWO3,0.0,-1.4570382029999998,65.05524987683661
mp-27898,Zr3AlN,0.0,-1.117505013749999,174.99117453431325
mp-18927,Zr3NiO,0.0,-0.9776758620000024,161.7661871919459
mp-1014226,Zr3ZnN,0.0,-1.030142710750002,171.2210847587339
mp-1215405,ZrAlCr3,0.0,0.1131281734333356,152.233440091248
mp-1237224,ZrAlCr3,0.0,0.4967822804333338,159.1363431115155
mp-972066,ZrAlO3,0.0,-2.946253523,49.52389712243989
mp-1188026,ZrBO3,0.0,-2.084401496833334,40.99870729715771
mp-1068661,ZrBRh3,0.0,-0.8006291954999994,69.59211264277012
mp-1207063,ZrBRh3,0.0,1.763932284500001,107.7434938989021
mp-1188011,ZrBeO3,0.6259000000000006,-2.867200542,41.75165948717156
mp-1239170,ZrBeO3,0.0,-1.8988064240000009,69.74074080076234
mp-1016845,ZrCdO3,0.0,-2.481755602999999,71.96388740867712
mp-1188065,ZrCoH3,0.0,-0.4937642137499999,79.57346425534098
mp-756665,ZrCoO3,1.7275,-2.7183933045,228.8237243191404
mp-761293,ZrCoO3,0.0287000000000001,-2.6998381995000003,241.0611698945532
mp-755055,ZrCrO3,1.3886000000000005,-2.9911010485000005,249.26258918175745
mp-677041,ZrCuF3,0.4628000000000001,-2.4359600385,354.6928636179153
mp-1016871,ZrHgO3,0.0,-2.1924009055000013,73.29755705300552
mp-754513,ZrMnO3,2.6175,-3.0583721385862064,126.52058400805868
mp-754980,ZrMnO3,2.9936,-3.053943192586206,127.74990701423611
mp-1246219,ZrMoN3,0.0,-0.8931732404999991,297.5573739467635
mp-29658,ZrNiH3,0.0,-0.5358002857499976,78.83576680471417
mp-1188025,ZrNiO3,0.0,-1.7661937990000005,50.26469396929328
mp-972296,ZrOsO3,0.0,-1.2315613150000004,60.52754994516142
mp-20337,ZrPbO3,2.6727000000000003,-2.843258279,76.35838009464848
mp-542903,ZrPbO3,2.7752,-2.8503136080000004,594.0289866900115
mp-647557,ZrPbO3,2.8458,-2.84577212425,605.8365142698349
mp-755798,ZrPbO3,2.6355999999999997,-2.8412140935,291.6364190475536
mp-1068577,ZrPbO3,2.2842,-2.793935413,74.56174053380131
mp-1100803,ZrPbO3,2.6291,-2.8397385400000004,305.71855243585884
mp-aaaieixs,ZrPbO3,3.3665000000000003,-2.6941344072500018,163.33925610014876
mp-20244,ZrPbS3,1.2470999999999997,-1.4198335714999986,490.536716432109
mp-10706,ZrRu3C,0.0,-0.3774799480000013,67.69365555236604
mp-1183043,ZrSiO3,0.0,-2.219989547,49.16759723607481
mp-17324,ZrSnS3,0.9944000000000002,-1.3975941884999998,497.9424921421011
mp-1183045,ZrTiO3,0.0,-2.7294245076666663,57.47219178112415
mp-1183044,ZrTlO3,0.0,-2.4542932496666694,74.75924335094658
mp-1246572,ZrWN3,0.0,-1.0018115564583354,272.96074749716735
mp-1016883,ZrZnO3,0.0,-2.246558207,71.11550484229129
mp-aaaieipq,ZrZnO3,4.540100000000001,-2.79782444725,116.79496014340394
